N_tume,I_meses,Esp,Parc_m2,N_arv,DAP_cm,H_m,Cod,Cod2
44,65,Clone_VCPP4295H,960,1,12.5732405,21.7,,
44,65,Clone_VCPP4295H,960,2,14.48309982,22.1,,
44,65,Clone_VCPP4295H,960,3,14.67408575,21.8,,
44,65,Clone_VCPP4295H,960,4,,,1,
44,65,Clone_VCPP4295H,960,5,14.80140971,23.1,,
44,65,Clone_VCPP4295H,960,6,13.4326772,23.8,,
44,65,Clone_VCPP4295H,960,7,15.24704355,24,,
44,65,Clone_VCPP4295H,960,8,11.4591559,21.6,,
44,65,Clone_VCPP4295H,960,9,12.09577567,22.7,,
44,65,Clone_VCPP4295H,960,10,10.53605723,20.6,,
44,65,Clone_VCPP4295H,960,11,16.64760705,26.2,,
44,65,Clone_VCPP4295H,960,12,10.50422624,20.7,,
44,65,Clone_VCPP4295H,960,13,16.04281826,24.1,,
44,65,Clone_VCPP4295H,960,14,14.80140971,24.1,,
44,65,Clone_VCPP4295H,960,15,12.73239545,19.3,,
44,65,Clone_VCPP4295H,960,16,16.13831123,24.1,,
44,65,Clone_VCPP4295H,960,17,17.31605781,24.6,,
44,65,Clone_VCPP4295H,960,18,8.53070495,17.5,7,
44,65,Clone_VCPP4295H,960,19,16.26563518,25.6,,
44,65,Clone_VCPP4295H,960,20,10.24957834,19,,
44,65,Clone_VCPP4295H,960,21,13.59183214,23.2,,
44,65,Clone_VCPP4295H,960,22,14.64225476,25.1,,
44,65,Clone_VCPP4295H,960,23,9.581127574,19.2,,
44,65,Clone_VCPP4295H,960,24,15.46986047,24.9,,
44,65,Clone_VCPP4295H,960,25,16.42479013,25.4,,
44,65,Clone_VCPP4295H,960,26,11.77746579,23.2,,
44,65,Clone_VCPP4295H,960,27,14.80140971,24.6,,
44,65,Clone_VCPP4295H,960,28,12.00028271,20.3,,
44,65,Clone_VCPP4295H,960,29,13.4326772,22.8,,
44,65,Clone_VCPP4295H,960,30,11.80929678,20.2,,
44,65,Clone_VCPP4295H,960,31,15.3743675,24.4,,
44,65,Clone_VCPP4295H,960,32,15.46986047,24,,
44,65,Clone_VCPP4295H,960,33,17.82535363,23.6,6,
44,65,Clone_VCPP4295H,960,34,15.08788861,24.3,,
44,65,Clone_VCPP4295H,960,35,16.13831123,25.7,,
44,65,Clone_VCPP4295H,960,36,14.76957872,22.5,,
44,65,Clone_VCPP4295H,960,37,15.05605762,25.4,,
44,65,Clone_VCPP4295H,960,38,15.9473253,25.1,,
44,65,Clone_VCPP4295H,960,39,12.44591655,22.4,,
44,65,Clone_VCPP4295H,960,40,14.51493081,25.3,,
44,65,Clone_VCPP4295H,960,41,12.15943765,23.2,,
44,65,Clone_VCPP4295H,960,42,15.50169146,25.7,,
44,65,Clone_VCPP4295H,960,43,13.68732511,24.4,,
44,65,Clone_VCPP4295H,960,44,14.99239564,24.5,,
44,65,Clone_VCPP4295H,960,45,14.76957872,23.9,,
44,65,Clone_VCPP4295H,960,46,16.71126902,25.6,,
44,65,Clone_VCPP4295H,960,47,17.50704374,26.4,6,
44,65,Clone_VCPP4295H,960,48,11.17267701,22.1,,
44,65,Clone_VCPP4295H,960,49,13.1461983,24.6,,
44,65,Clone_VCPP4295H,960,50,16.32929716,26.6,,
44,65,Clone_VCPP4295H,960,51,11.30000096,22.1,,
44,65,Clone_VCPP4295H,960,52,12.76422644,23.1,,
44,65,Clone_VCPP4295H,960,53,14.32394488,24.6,,
44,65,Clone_VCPP4295H,960,54,11.49098689,22.7,,
44,65,Clone_VCPP4295H,960,55,17.25239583,27.4,,
44,65,Clone_VCPP4295H,960,56,12.70056446,24.2,,
44,65,Clone_VCPP4295H,960,57,14.73774773,24.6,,
44,65,Clone_VCPP4295H,960,58,13.62366313,24.4,,
44,65,Clone_VCPP4295H,960,59,12.5732405,24.7,,
44,65,Clone_VCPP4295H,960,60,17.28422682,27.4,,
44,65,Clone_VCPP4295H,960,61,14.76957872,23.8,,
44,65,Clone_VCPP4295H,960,62,14.67408575,24.9,,
44,65,Clone_VCPP4295H,960,63,13.65549412,22.4,,
44,65,Clone_VCPP4295H,960,64,13.27352225,22.9,,
44,65,Clone_VCPP4295H,960,65,12.00028271,20.8,,
44,65,Clone_VCPP4295H,960,66,10.59971921,20.1,2,
44,65,Clone_VCPP4295H,960,67,13.75098708,23.7,,
44,65,Clone_VCPP4295H,960,68,10.75887415,20.4,,
44,65,Clone_VCPP4295H,960,69,14.10112796,25.3,,
44,65,Clone_VCPP4295H,960,70,10.40873328,21,,
44,65,Clone_VCPP4295H,960,71,13.01887434,23.7,,
44,65,Clone_VCPP4295H,960,72,13.20986028,24.2,,
44,65,Clone_VCPP4295H,960,73,15.31070553,26.1,,
44,65,Clone_VCPP4295H,960,74,14.16478994,25.4,,
44,65,Clone_VCPP4295H,960,75,14.2602829,24,,
44,65,Clone_VCPP4295H,960,76,9.994930426,20.3,,
44,65,Clone_VCPP4295H,960,77,12.73239545,22.6,,
44,65,Clone_VCPP4295H,960,78,14.57859279,24.6,,
44,65,Clone_VCPP4295H,960,79,13.4326772,24.5,,
44,65,Clone_VCPP4295H,960,80,10.75887415,21.4,,
44,65,Clone_VCPP4295H,960,81,14.03746598,23.9,,
44,65,Clone_VCPP4295H,960,82,14.96056465,24.4,,
44,65,Clone_VCPP4295H,960,83,12.82788841,23.6,,
44,65,Clone_VCPP4295H,960,84,14.45126883,24.3,,
44,65,Clone_VCPP4295H,960,85,15.05605762,25.6,,
44,65,Clone_VCPP4295H,960,86,14.38760686,25,,
44,65,Clone_VCPP4295H,960,87,13.4326772,24.7,,
44,65,Clone_VCPP4295H,960,88,12.22309963,23,,
44,65,Clone_VCPP4295H,960,89,14.45126883,24.7,,
44,65,Clone_VCPP4295H,960,90,12.66873347,23.6,,
44,65,Clone_VCPP4295H,960,91,13.62366313,23.4,,
44,65,Clone_VCPP4295H,960,92,12.41408556,22.7,,
44,65,Clone_VCPP4295H,960,93,14.67408575,24.5,,
44,65,Clone_VCPP4295H,960,94,15.82000134,23.2,,
44,65,Clone_VCPP4295H,960,95,10.12225438,19,,
44,65,Clone_VCPP4295H,960,96,12.25493062,19,,
44,65,Clone_VCPP4295H,960,97,15.15155058,23.9,,
44,65,Clone_VCPP4295H,960,98,14.61042378,23.2,,
44,65,Clone_VCPP4295H,960,99,14.96056465,24.4,,
44,65,Clone_VCPP4295H,960,100,12.25493062,23.3,,
44,65,Clone_VCPP4295H,960,101,17.44338176,27.1,,
44,65,Clone_VCPP4295H,960,102,12.82788841,23.4,,
44,65,Clone_VCPP4295H,960,103,15.46986047,25.7,,
44,65,Clone_VCPP4295H,960,104,13.59183214,24.7,,
44,65,Clone_VCPP4295H,960,105,15.40619849,26.4,,
44,65,Clone_VCPP4295H,960,106,13.75098708,24.7,,
44,65,Clone_VCPP4295H,960,107,8.212395064,16.4,7,
44,65,Clone_VCPP4295H,960,108,16.01098728,25.3,,
44,65,Clone_VCPP4295H,960,109,16.36112815,25.1,,
44,65,Clone_VCPP4295H,960,110,14.57859279,24.6,,
44,65,Clone_VCPP4295H,960,111,12.19126864,22.5,,
44,65,Clone_VCPP4295H,960,112,12.15943765,22.4,,
44,65,Clone_VCPP4295H,960,113,14.64225476,24.3,,
44,65,Clone_VCPP4295H,960,114,13.20986028,23.9,,
44,65,Clone_VCPP4295H,960,115,16.20197321,25.8,,
44,65,Clone_VCPP4295H,960,116,13.71915609,23.9,,
44,65,Clone_VCPP4295H,960,117,14.48309982,23.3,,
44,65,Clone_VCPP4295H,960,118,13.36901522,23.9,,
44,65,Clone_VCPP4295H,960,119,11.30000096,22.2,,
44,65,Clone_VCPP4295H,960,120,14.19662092,24.8,,
44,65,Clone_VCPP4295H,960,121,13.71915609,24.5,,
44,65,Clone_VCPP4295H,960,122,15.78817035,24.8,,
44,65,Clone_VCPP4295H,960,123,12.95521237,23.1,,
44,65,Clone_VCPP4295H,960,124,12.79605742,24.1,,
44,65,Clone_VCPP4295H,960,125,15.15155058,25.9,,
44,65,Clone_VCPP4295H,960,126,13.62366313,23.4,,
44,65,Clone_VCPP4295H,960,127,13.20986028,22.5,,
44,65,Clone_VCPP4295H,960,128,13.78281807,22.6,,
44,65,Clone_VCPP4295H,960,129,14.13295895,23.9,,
44,65,Clone_VCPP4295H,960,130,15.27887454,25.1,,
44,65,Clone_VCPP4295H,960,131,14.76957872,25.1,,
44,65,Clone_VCPP4295H,960,132,7.989578143,16.7,7,
44,65,Clone_VCPP4295H,960,133,18.52563538,28.3,6,
44,65,Clone_VCPP4295H,960,134,10.24957834,21.9,,
44,65,Clone_VCPP4295H,960,135,15.9473253,26.9,,
44,65,Clone_VCPP4295H,960,136,11.33183195,22.5,,
44,65,Clone_VCPP4295H,960,137,11.49098689,22.1,,
44,65,Clone_VCPP4295H,960,138,10.9180291,21.6,,
44,65,Clone_VCPP4295H,960,139,8.339719018,18.1,7,
44,65,Clone_VCPP4295H,960,140,14.32394488,23.9,,
44,65,Clone_VCPP4295H,960,141,13.84648005,24.2,,
44,65,Clone_VCPP4295H,960,142,12.60507149,23.4,,
44,65,Clone_VCPP4295H,960,143,14.80140971,24.5,,
44,65,Clone_VCPP4295H,960,144,13.81464906,24.7,,
44,65,Clone_VCPP4295H,960,145,17.76169165,28.2,6,
44,65,Clone_VCPP4295H,960,146,16.20197321,26.8,,
44,65,Clone_VCPP4295H,960,147,16.93408594,27.2,,
44,65,Clone_VCPP4295H,960,148,15.02422663,24.8,,
44,65,Clone_VCPP4295H,960,149,17.12507188,26.9,,
44,65,Clone_VCPP4295H,960,150,17.53887473,26.7,6,
44,65,Clone_VCPP4295H,960,151,15.69267739,25.5,,
44,65,Clone_VCPP4295H,960,152,14.86507168,25,,
44,65,Clone_VCPP4295H,960,153,12.54140952,24,,
44,65,Clone_VCPP4295H,960,154,17.3478888,28.3,,
44,65,Clone_VCPP4295H,960,155,18.30281846,29.2,6,
44,65,Clone_VCPP4295H,960,156,19.51239602,30.3,6,
44,65,Clone_VCPP4295H,960,157,18.68479032,28.4,6,
44,65,Clone_VCPP4295H,960,158,19.2895791,29.7,6,
44,65,Clone_VCPP4295H,960,159,17.53887473,28.4,6,
44,65,Clone_VCPP4295H,960,160,17.28422682,27.1,,
44,65,E_camaldulensis,960,1,9.199155711,13.4,,
44,65,E_camaldulensis,960,2,11.77746579,18.3,,
44,65,E_camaldulensis,960,3,10.18591636,14.6,,
44,65,E_camaldulensis,960,4,18.87577625,19.6,6,21
44,65,E_camaldulensis,960,5,,,1,
44,65,E_camaldulensis,960,6,12.54140952,17.8,,
44,65,E_camaldulensis,960,7,12.63690248,18.5,,
44,65,E_camaldulensis,960,8,9.867606472,14.3,,
44,65,E_camaldulensis,960,9,13.68732511,17.9,,
44,65,E_camaldulensis,960,10,6.525352667,8,21,
44,65,E_camaldulensis,960,11,3.883380611,5.8,7,21
44,65,E_camaldulensis,960,12,11.49098689,17.2,,
44,65,E_camaldulensis,960,13,11.77746579,16.6,,
44,65,E_camaldulensis,960,14,10.59971921,17.6,,
44,65,E_camaldulensis,960,15,13.68732511,16.8,,
44,65,E_camaldulensis,960,16,13.84648005,18.2,,
44,65,E_camaldulensis,960,17,9.612958563,14.1,,
44,65,E_camaldulensis,960,18,11.71380381,18.1,,
44,65,E_camaldulensis,960,19,11.87295875,17.6,,
44,65,E_camaldulensis,960,20,12.44591655,18.9,,
44,65,E_camaldulensis,960,21,11.07718404,16.2,,
44,65,E_camaldulensis,960,22,11.20450799,18.2,,
44,65,E_camaldulensis,960,23,12.63690248,15.5,,
44,65,E_camaldulensis,960,24,12.54140952,14.4,,
44,65,E_camaldulensis,960,25,10.12225438,12.8,,
44,65,E_camaldulensis,960,26,6.111549815,6.2,,
44,65,E_camaldulensis,960,27,12.15943765,15.8,,
44,65,E_camaldulensis,960,28,14.64225476,19.4,,
44,65,E_camaldulensis,960,29,11.96845172,17.4,,
44,65,E_camaldulensis,960,30,14.5467618,19.1,,
44,65,E_camaldulensis,960,31,9.963099438,12.9,,
44,65,E_camaldulensis,960,32,12.12760666,19.8,,
44,65,E_camaldulensis,960,33,12.50957853,16.3,,
44,65,E_camaldulensis,960,34,12.28676161,19.4,,
44,65,E_camaldulensis,960,35,9.326479665,13.8,,
44,65,E_camaldulensis,960,36,9.931268449,13.2,,
44,65,E_camaldulensis,960,37,7.957747155,13.9,,
44,65,E_camaldulensis,960,38,18.65295933,21.9,6,
44,65,E_camaldulensis,960,39,6.429859701,10.5,,
44,65,E_camaldulensis,960,40,9.262817688,10.2,,
44,65,E_camaldulensis,960,41,7.512113314,10.8,21,
44,65,E_camaldulensis,960,42,13.94197301,16.1,,
44,65,E_camaldulensis,960,43,11.52281788,17.6,,
44,65,E_camaldulensis,960,44,6.175211792,6.1,,
44,65,E_camaldulensis,960,45,9.963099438,13.6,2,
44,65,E_camaldulensis,960,46,,,5,
44,65,E_camaldulensis,960,47,16.29746617,22.6,6,
44,65,E_camaldulensis,960,48,10.53605723,,20,
44,65,E_camaldulensis,960,49,10.3450713,17.5,,
44,65,E_camaldulensis,960,50,7.766761223,10.1,,
44,65,E_camaldulensis,960,51,8.658028904,13.4,,
44,65,E_camaldulensis,960,52,14.73774773,18.5,,
44,65,E_camaldulensis,960,53,13.84648005,15.9,,
44,65,E_camaldulensis,960,54,12.98704336,19.4,,
44,65,E_camaldulensis,960,55,8.371550007,10.7,,
44,65,E_camaldulensis,960,56,11.61831085,18.1,,
44,65,E_camaldulensis,960,57,16.07464925,18.6,6,
44,65,E_camaldulensis,960,58,8.785352859,13.5,,
44,65,E_camaldulensis,960,59,12.00028271,14.9,,
44,65,E_camaldulensis,960,60,13.36901522,19.4,,
44,65,E_camaldulensis,960,61,13.36901522,19.6,,
44,65,E_camaldulensis,960,62,15.6608464,20.8,6,
44,65,E_camaldulensis,960,63,10.12225438,16.4,,
44,65,E_camaldulensis,960,64,9.612958563,14.6,,
44,65,E_camaldulensis,960,65,9.67662054,14.9,,
44,65,E_camaldulensis,960,66,13.20986028,21.2,,
44,65,E_camaldulensis,960,67,9.835775483,16,,
44,65,E_camaldulensis,960,68,8.97633879,12.9,,
44,65,E_camaldulensis,960,69,11.58647986,17.7,,
44,65,E_camaldulensis,960,70,10.75887415,19.6,,
44,65,E_camaldulensis,960,71,11.55464887,16.5,,
44,65,E_camaldulensis,960,72,6.748169587,11.4,,
44,65,E_camaldulensis,960,73,16.55211408,20.8,6,
44,65,E_camaldulensis,960,74,13.20986028,17.7,,
44,65,E_camaldulensis,960,75,14.10112796,20.4,,
44,65,E_camaldulensis,960,76,10.88619811,12.8,,
44,65,E_camaldulensis,960,77,11.65014183,16.5,,
44,65,E_camaldulensis,960,78,7.066479473,10.1,,
44,65,E_camaldulensis,960,79,13.49633917,18.2,2,
44,65,E_camaldulensis,960,80,7.798592212,12.3,,
44,65,E_camaldulensis,960,81,8.75352187,12.1,,
44,65,E_camaldulensis,960,82,12.79605742,16.7,2,
44,65,E_camaldulensis,960,83,13.62366313,19.3,,
44,65,E_camaldulensis,960,84,12.60507149,17.8,,
44,65,E_camaldulensis,960,85,11.90478974,18.4,,
44,65,E_camaldulensis,960,86,11.90478974,15.8,,
44,65,E_camaldulensis,960,87,16.45662112,22,6,21
44,65,E_camaldulensis,960,88,10.18591636,14.3,,
44,65,E_camaldulensis,960,89,10.53605723,16.5,,
44,65,E_camaldulensis,960,90,12.0321137,16.9,,
44,65,E_camaldulensis,960,91,14.16478994,17.8,,
44,65,E_camaldulensis,960,92,10.44056427,13.9,,
44,65,E_camaldulensis,960,93,11.17267701,17.5,,
44,65,E_camaldulensis,960,94,9.931268449,15.2,,
44,65,E_camaldulensis,960,95,10.59971921,18,,
44,65,E_camaldulensis,960,96,12.15943765,18,,
44,65,E_camaldulensis,960,97,9.803944494,15.4,,
44,65,E_camaldulensis,960,98,12.00028271,16.7,,
44,65,E_camaldulensis,960,99,11.20450799,17.5,,
44,65,E_camaldulensis,960,100,14.73774773,,20,
44,65,E_camaldulensis,960,101,12.00028271,19.6,,
44,65,E_camaldulensis,960,102,12.35042358,15.5,,
44,65,E_camaldulensis,960,103,6.525352667,10,2,
44,65,E_camaldulensis,960,104,16.32929716,22,6,
44,65,E_camaldulensis,960,105,9.135493733,14.7,,
44,65,E_camaldulensis,960,106,3.947042589,5.2,7,
44,65,E_camaldulensis,960,107,14.06929697,19.5,,
44,65,E_camaldulensis,960,108,8.180564075,12.9,,
44,65,E_camaldulensis,960,109,14.96056465,21.1,,
44,65,E_camaldulensis,960,110,7.002817496,12.3,,
44,65,E_camaldulensis,960,111,5.506761031,8.9,,
44,65,E_camaldulensis,960,112,14.89690267,18.1,,
44,65,E_camaldulensis,960,113,14.45126883,17.2,,
44,65,E_camaldulensis,960,114,12.5732405,14.2,,
44,65,E_camaldulensis,960,115,10.56788822,16.2,,
44,65,E_camaldulensis,960,116,12.66873347,17.9,,
44,65,E_camaldulensis,960,117,16.61577606,25.3,6,
44,65,E_camaldulensis,960,118,14.96056465,19.6,,
44,65,E_camaldulensis,960,119,9.262817688,14,,
44,65,E_camaldulensis,960,120,14.8332407,20.5,,
44,65,E_camaldulensis,960,121,12.66873347,16.2,,
44,65,E_camaldulensis,960,122,14.00563499,22.6,,
44,65,E_camaldulensis,960,123,11.65014183,14.5,,
44,65,E_camaldulensis,960,124,14.16478994,18.4,,
44,65,E_camaldulensis,960,125,12.73239545,18.6,,
44,65,E_camaldulensis,960,126,,,1,
44,65,E_camaldulensis,960,127,12.35042358,14.3,,
44,65,E_camaldulensis,960,128,8.721690881,14.3,,
44,65,E_camaldulensis,960,129,9.931268449,12.9,,
44,65,E_camaldulensis,960,130,10.69521218,18,,
44,65,E_camaldulensis,960,131,8.912676813,15.3,,
44,65,E_camaldulensis,960,132,13.56000115,20,,
44,65,E_camaldulensis,960,133,8.339719018,12.7,,
44,65,E_camaldulensis,960,134,0.954929659,,20,
44,65,E_camaldulensis,960,135,9.135493733,13.8,,
44,65,E_camaldulensis,960,136,13.1461983,17.9,,
44,65,E_camaldulensis,960,137,15.62901541,22.7,,
44,65,E_camaldulensis,960,138,10.88619811,14.2,,
44,65,E_camaldulensis,960,139,10.3450713,13.8,,
44,65,E_camaldulensis,960,140,3.533239737,6.6,7,
44,65,E_camaldulensis,960,141,12.0321137,15.7,,
44,65,E_camaldulensis,960,142,3.437746771,7.8,7,
44,65,E_camaldulensis,960,143,12.41408556,18.8,,
44,65,E_camaldulensis,960,144,6.46169069,11.9,,
44,65,E_camaldulensis,960,145,12.15943765,20.7,,
44,65,E_camaldulensis,960,146,9.071831756,11.7,,
44,65,E_camaldulensis,960,147,14.96056465,21.5,,
44,65,E_camaldulensis,960,148,13.36901522,21.1,,
44,65,E_camaldulensis,960,149,11.55464887,16,,
44,65,E_camaldulensis,960,150,10.50422624,13,,
44,65,E_camaldulensis,960,151,7.130141451,9.3,,
44,65,E_camaldulensis,960,152,12.60507149,18.1,,
44,65,E_camaldulensis,960,153,10.28140932,13.5,,
44,65,E_camaldulensis,960,154,10.53605723,17,,
44,65,E_camaldulensis,960,155,12.00028271,14.9,,
44,65,E_camaldulensis,960,156,,,1,
44,65,E_camaldulensis,960,157,16.61577606,20,6,
44,65,E_camaldulensis,960,158,13.81464906,18,,
44,65,E_camaldulensis,960,159,11.04535305,16.1,,
44,65,E_camaldulensis,960,160,10.47239526,16.8,,
44,65,E_citriodora,960,1,11.77746579,17.5,,
44,65,E_citriodora,960,2,7.894085177,14.8,,
44,65,E_citriodora,960,3,6.525352667,11.6,,
44,65,E_citriodora,960,4,6.270704758,12.2,,
44,65,E_citriodora,960,5,4.83831027,8.5,,
44,65,E_citriodora,960,6,12.82788841,18,,
44,65,E_citriodora,960,7,6.398028712,11.9,,
44,65,E_citriodora,960,8,3.501408748,6.7,,
44,65,E_citriodora,960,9,8.498873961,12.1,,
44,65,E_citriodora,960,10,3.565070725,6.7,,
44,65,E_citriodora,960,11,3.947042589,7.9,,
44,65,E_citriodora,960,12,7.862254189,11.9,,
44,65,E_citriodora,960,13,3.246760839,5.9,,
44,65,E_citriodora,960,14,10.47239526,13.6,,
44,65,E_citriodora,960,15,4.710986316,8,,
44,65,E_citriodora,960,16,11.26816997,15.3,,
44,65,E_citriodora,960,17,6.90732453,11.2,,
44,65,E_citriodora,960,18,5.634084985,10.1,,
44,65,E_citriodora,960,19,8.75352187,14.1,,
44,65,E_citriodora,960,20,12.54140952,20.3,21,
44,65,E_citriodora,960,21,11.4591559,18.3,,
44,65,E_citriodora,960,22,13.68732511,19.1,,
44,65,E_citriodora,960,23,13.1461983,17.9,,
44,65,E_citriodora,960,24,,,1,
44,65,E_citriodora,960,25,4.551831372,6.6,,
44,65,E_citriodora,960,26,11.55464887,18.1,,
44,65,E_citriodora,960,27,14.00563499,19.2,,
44,65,E_citriodora,960,28,7.766761223,12.6,,
44,65,E_citriodora,960,29,12.15943765,16.1,,
44,65,E_citriodora,960,30,14.70591674,17.9,,
44,65,E_citriodora,960,31,12.25493062,15.2,,
44,65,E_citriodora,960,32,5.347606088,8.7,,
44,65,E_citriodora,960,33,7.543944303,11.5,,
44,65,E_citriodora,960,34,8.97633879,13,,
44,65,E_citriodora,960,35,7.257465405,11.7,,
44,65,E_citriodora,960,36,14.96056465,17,6,21
44,65,E_citriodora,960,37,11.07718404,15.1,,
44,65,E_citriodora,960,38,6.302535746,11.6,,
44,65,E_citriodora,960,39,10.3450713,14.9,,
44,65,E_citriodora,960,40,6.970986507,10.2,,
44,65,E_citriodora,960,41,10.18591636,15.6,,
44,65,E_citriodora,960,42,12.12760666,,4,
44,65,E_citriodora,960,43,7.480282325,13.7,,
44,65,E_citriodora,960,44,11.04535305,14.2,,
44,65,E_citriodora,960,45,6.143380803,9.1,2,
44,65,E_citriodora,960,46,13.91014203,16.3,,
44,65,E_citriodora,960,47,9.867606472,12.3,,
44,65,E_citriodora,960,48,8.116902098,13.6,,
44,65,E_citriodora,960,49,11.71380381,15.4,,
44,65,E_citriodora,960,50,3.883380611,6.5,,
44,65,E_citriodora,960,51,10.6315502,15.6,,
44,65,E_citriodora,960,52,15.46986047,18.9,6,
44,65,E_citriodora,960,53,9.230986699,13.8,,
44,65,E_citriodora,960,54,5.156620156,8.3,,
44,65,E_citriodora,960,55,10.50422624,15.2,,
44,65,E_citriodora,960,56,12.79605742,18.8,,
44,65,E_citriodora,960,57,4.679155327,8.8,,
44,65,E_citriodora,960,58,15.59718442,18.6,6,
44,65,E_citriodora,960,59,5.220282133,7.9,,
44,65,E_citriodora,960,60,10.12225438,14.6,,
44,65,E_citriodora,960,61,10.6315502,16.3,,
44,65,E_citriodora,960,62,12.47774754,15.7,,
44,65,E_citriodora,960,63,10.02676141,12.9,,
44,65,E_citriodora,960,64,13.94197301,16.4,,
44,65,E_citriodora,960,65,3.660563691,5.8,,
44,65,E_citriodora,960,66,4.010704566,,20,
44,65,E_citriodora,960,67,15.18338157,18,6,
44,65,E_citriodora,960,68,11.71380381,17,,
44,65,E_citriodora,960,69,4.965634224,9.9,,
44,65,E_citriodora,960,70,8.817183847,9.5,,
44,65,E_citriodora,960,71,4.13802852,7.1,,
44,65,E_citriodora,960,72,11.93662073,15.2,,
44,65,E_citriodora,960,73,9.103662745,15.1,,
44,65,E_citriodora,960,74,13.36901522,18,,
44,65,E_citriodora,960,75,10.66338119,13.5,,
44,65,E_citriodora,960,76,11.07718404,16.1,,
44,65,E_citriodora,960,77,3.978873577,7.1,,
44,65,E_citriodora,960,78,5.920563883,9.9,,
44,65,E_citriodora,960,79,9.167324722,11.3,,
44,65,E_citriodora,960,80,11.23633898,14.6,,
44,65,E_citriodora,960,81,15.34253651,17.4,6,
44,65,E_citriodora,960,82,4.488169395,6.4,,
44,65,E_citriodora,960,83,10.72704316,15,,
44,65,E_citriodora,960,84,14.22845191,18,,
44,65,E_citriodora,960,85,14.45126883,18.5,,
44,65,E_citriodora,960,86,3.851549623,7.4,,
44,65,E_citriodora,960,87,6.238873769,10.4,,
44,65,E_citriodora,960,88,9.549296586,14.4,2,
44,65,E_citriodora,960,89,9.326479665,14.2,,
44,65,E_citriodora,960,90,8.116902098,11.2,,
44,65,E_citriodora,960,91,5.411268065,14.3,,
44,65,E_citriodora,960,92,10.72704316,9.9,,
44,65,E_citriodora,960,93,14.96056465,17.8,6,
44,65,E_citriodora,960,94,2.546479089,3.3,21,
44,65,E_citriodora,960,95,6.970986507,10.2,,
44,65,E_citriodora,960,96,12.89155039,15.9,,
44,65,E_citriodora,960,97,10.82253613,14.9,21,
44,65,E_citriodora,960,98,4.933803236,8.1,,
44,65,E_citriodora,960,99,9.67662054,15.4,,
44,65,E_citriodora,960,100,12.0321137,17.5,,
44,65,E_citriodora,960,101,12.82788841,15.9,,
44,65,E_citriodora,960,102,12.47774754,17.7,,
44,65,E_citriodora,960,103,5.570423008,8.7,,
44,65,E_citriodora,960,104,7.321127382,12.5,,
44,65,E_citriodora,960,105,8.75352187,12.6,,
44,65,E_citriodora,960,106,3.055774907,5.1,,
44,65,E_citriodora,960,107,6.525352667,10.2,,
44,65,E_citriodora,960,108,12.73239545,14.9,,
44,65,E_citriodora,960,109,4.265352475,4.8,,
44,65,E_citriodora,960,110,13.87831104,16.3,,
44,65,E_citriodora,960,111,10.28140932,14.6,,
44,65,E_citriodora,960,112,5.443099054,8.4,,
44,65,E_citriodora,960,113,10.72704316,13,,
44,65,E_citriodora,960,114,15.69267739,18.1,6,
44,65,E_citriodora,960,115,7.512113314,11,,
44,65,E_citriodora,960,116,12.95521237,17.4,,
44,65,E_citriodora,960,117,10.72704316,15.6,2,
44,65,E_citriodora,960,118,15.15155058,19,6,
44,65,E_citriodora,960,119,11.04535305,14.8,,
44,65,E_citriodora,960,120,14.89690267,18.1,,
44,65,E_citriodora,960,121,15.43802948,17.6,6,
44,65,E_citriodora,960,122,5.665915974,9.1,,
44,65,E_citriodora,960,123,8.689859893,13.4,,
44,65,E_citriodora,960,124,,,1,
44,65,E_citriodora,960,125,4.870141259,6.7,,
44,65,E_citriodora,960,126,7.512113314,13,,
44,65,E_citriodora,960,127,6.68450761,11.5,2,
44,65,E_citriodora,960,128,4.360845441,7.3,2,
44,65,E_citriodora,960,129,9.867606472,13.9,,
44,65,E_citriodora,960,130,11.07718404,14.7,,
44,65,E_citriodora,960,131,6.047887837,9.5,,
44,65,E_citriodora,960,132,12.82788841,14.8,,
44,65,E_citriodora,960,133,14.5467618,18.3,,
44,65,E_citriodora,960,134,10.18591636,15.7,,
44,65,E_citriodora,960,135,11.52281788,14.4,,
44,65,E_citriodora,960,136,6.780000576,9.2,,
44,65,E_citriodora,960,137,7.543944303,11.8,,
44,65,E_citriodora,960,138,5.411268065,10.2,,
44,65,E_citriodora,960,139,11.39549393,14.2,,
44,65,E_citriodora,960,140,,,1,
44,65,E_citriodora,960,141,2.514648101,5.3,,
44,65,E_citriodora,960,142,6.302535746,9.5,,
44,65,E_citriodora,960,143,13.52817016,16.4,,
44,65,E_citriodora,960,144,5.188451145,9.3,,
44,65,E_citriodora,960,145,3.246760839,6.4,,
44,65,E_citriodora,960,146,4.965634224,11,,
44,65,E_citriodora,960,147,11.36366294,14.4,,
44,65,E_citriodora,960,148,13.78281807,17.2,,
44,65,E_citriodora,960,149,11.39549393,16.2,,
44,65,E_citriodora,960,150,11.77746579,16.8,,
44,65,E_citriodora,960,151,4.710986316,7.6,,
44,65,E_citriodora,960,152,6.620845633,10.9,2,
44,65,E_citriodora,960,153,15.85183233,17.2,6,
44,65,E_citriodora,960,154,8.912676813,13.3,,
44,65,E_citriodora,960,155,10.18591636,14.5,,
44,65,E_citriodora,960,156,5.029296202,9.2,,
44,65,E_citriodora,960,157,14.86507168,16.7,,
44,65,E_citriodora,960,158,12.98704336,17.5,,
44,65,E_citriodora,960,159,4.679155327,8.2,,
44,65,E_citriodora,960,160,11.36366294,16.7,,
44,65,E_dunnii_hibrido,960,1,,,1,
44,65,E_dunnii_hibrido,960,2,,,5,
44,65,E_dunnii_hibrido,960,3,7.416620348,12.9,,
44,65,E_dunnii_hibrido,960,4,,,1,
44,65,E_dunnii_hibrido,960,5,,,1,
44,65,E_dunnii_hibrido,960,6,7.193803428,11.7,,
44,65,E_dunnii_hibrido,960,7,,,1,
44,65,E_dunnii_hibrido,960,8,,,1,
44,65,E_dunnii_hibrido,960,9,9.45380362,12.8,,
44,65,E_dunnii_hibrido,960,10,9.040000768,17.8,,
44,65,E_dunnii_hibrido,960,11,,,5,
44,65,E_dunnii_hibrido,960,12,3.69239468,6.6,,
44,65,E_dunnii_hibrido,960,13,10.18591636,17,,
44,65,E_dunnii_hibrido,960,14,15.50169146,22.4,,
44,65,E_dunnii_hibrido,960,15,5.092958179,9.6,,
44,65,E_dunnii_hibrido,960,16,,,5,
44,65,E_dunnii_hibrido,960,17,5.888732894,11.2,,
44,65,E_dunnii_hibrido,960,18,4.392676429,,20,
44,65,E_dunnii_hibrido,960,19,11.23633898,17.6,,
44,65,E_dunnii_hibrido,960,20,16.20197321,24.1,,
44,65,E_dunnii_hibrido,960,21,4.520000384,7.6,,
44,65,E_dunnii_hibrido,960,22,14.35577587,22,,
44,65,E_dunnii_hibrido,960,23,7.130141451,11.5,,
44,65,E_dunnii_hibrido,960,24,12.70056446,18.5,,
44,65,E_dunnii_hibrido,960,25,17.85718461,25.8,,
44,65,E_dunnii_hibrido,960,26,18.58929735,28,6,
44,65,E_dunnii_hibrido,960,27,9.167324722,15.8,,
44,65,E_dunnii_hibrido,960,28,12.89155039,,20,
44,65,E_dunnii_hibrido,960,29,18.90760724,25.6,6,
44,65,E_dunnii_hibrido,960,30,6.557183655,13,,
44,65,E_dunnii_hibrido,960,31,10.94986008,19.5,,
44,65,E_dunnii_hibrido,960,32,10.59971921,16.9,,
44,65,E_dunnii_hibrido,960,33,1.62338042,,7,
44,65,E_dunnii_hibrido,960,34,2.387324146,4.1,,
44,65,E_dunnii_hibrido,960,35,9.994930426,12.7,,
44,65,E_dunnii_hibrido,960,36,11.17267701,18.7,,
44,65,E_dunnii_hibrido,960,37,10.02676141,14.1,,
44,65,E_dunnii_hibrido,960,38,,,1,
44,65,E_dunnii_hibrido,960,39,2.99211293,2.5,,
44,65,E_dunnii_hibrido,960,40,,,1,
44,65,E_dunnii_hibrido,960,41,8.594366927,12.1,,
44,65,E_dunnii_hibrido,960,42,6.557183655,11.5,,
44,65,E_dunnii_hibrido,960,43,9.612958563,14.3,,
44,65,E_dunnii_hibrido,960,44,10.9180291,15,,
44,65,E_dunnii_hibrido,960,45,9.549296586,11.9,,
44,65,E_dunnii_hibrido,960,46,9.421972631,15.5,,
44,65,E_dunnii_hibrido,960,47,13.65549412,15.2,,
44,65,E_dunnii_hibrido,960,48,5.379437077,8.1,,
44,65,E_dunnii_hibrido,960,49,,,5,
44,65,E_dunnii_hibrido,960,50,14.89690267,16.5,,
44,65,E_dunnii_hibrido,960,51,11.80929678,16.5,,
44,65,E_dunnii_hibrido,960,52,10.50422624,15.2,,
44,65,E_dunnii_hibrido,960,53,3.851549623,2.9,,
44,65,E_dunnii_hibrido,960,54,10.98169107,19.3,,
44,65,E_dunnii_hibrido,960,55,17.22056484,21.1,,
44,65,E_dunnii_hibrido,960,56,10.18591636,,20,
44,65,E_dunnii_hibrido,960,57,11.4591559,15.9,,
44,65,E_dunnii_hibrido,960,58,13.01887434,15.1,,
44,65,E_dunnii_hibrido,960,59,5.602253997,8.4,,
44,65,E_dunnii_hibrido,960,60,12.60507149,23.3,,
44,65,E_dunnii_hibrido,960,61,10.59971921,16.6,,
44,65,E_dunnii_hibrido,960,62,12.79605742,22.1,,
44,65,E_dunnii_hibrido,960,63,16.45662112,19.2,,
44,65,E_dunnii_hibrido,960,64,9.549296586,14.6,,
44,65,E_dunnii_hibrido,960,65,8.116902098,17.2,,
44,65,E_dunnii_hibrido,960,66,11.26816997,18.7,,
44,65,E_dunnii_hibrido,960,67,10.66338119,18,,
44,65,E_dunnii_hibrido,960,68,23.61859355,29.7,6,
44,65,E_dunnii_hibrido,960,69,18.27098747,24.3,,
44,65,E_dunnii_hibrido,960,70,17.02957891,25.7,,
44,65,E_dunnii_hibrido,960,71,15.88366332,22.4,,
44,65,E_dunnii_hibrido,960,72,15.72450838,22.8,,
44,65,E_dunnii_hibrido,960,73,20.53098766,21.1,6,
44,65,E_dunnii_hibrido,960,74,11.04535305,,20,
44,65,E_dunnii_hibrido,960,75,10.69521218,16.5,,
44,65,E_dunnii_hibrido,960,76,5.856901906,10.8,,
44,65,E_dunnii_hibrido,960,77,15.91549431,22.8,,
44,65,E_dunnii_hibrido,960,78,12.73239545,19,,
44,65,E_dunnii_hibrido,960,79,5.347606088,11,,
44,65,E_dunnii_hibrido,960,80,18.01633956,21,,
44,65,E_dunnii_hibrido,960,81,13.84648005,,20,
44,65,E_dunnii_hibrido,960,82,14.61042378,20.1,,
44,65,E_dunnii_hibrido,960,83,11.77746579,18.4,,
44,65,E_dunnii_hibrido,960,84,7.798592212,12.9,,
44,65,E_dunnii_hibrido,960,85,14.57859279,20.2,,
44,65,E_dunnii_hibrido,960,86,2.546479089,3.8,,
44,65,E_dunnii_hibrido,960,87,,,1,
44,65,E_dunnii_hibrido,960,88,,,1,
44,65,E_dunnii_hibrido,960,89,13.91014203,20.2,21,
44,65,E_dunnii_hibrido,960,90,9.262817688,19.3,,
44,65,E_dunnii_hibrido,960,91,8.467042972,14.5,,
44,65,E_dunnii_hibrido,960,92,10.3450713,16,,
44,65,E_dunnii_hibrido,960,93,5.793239929,10,,
44,65,E_dunnii_hibrido,960,94,7.671268257,13.1,,
44,65,E_dunnii_hibrido,960,95,12.47774754,20.6,,
44,65,E_dunnii_hibrido,960,96,,,1,
44,65,E_dunnii_hibrido,960,97,6.429859701,11,,
44,65,E_dunnii_hibrido,960,98,8.435211984,14.2,,
44,65,E_dunnii_hibrido,960,99,8.817183847,12.1,,
44,65,E_dunnii_hibrido,960,100,20.84929755,27.4,6,
44,65,E_dunnii_hibrido,960,101,13.4326772,20.5,,
44,65,E_dunnii_hibrido,960,102,4.520000384,6.6,,
44,65,E_dunnii_hibrido,960,103,16.74310001,24,,
44,65,E_dunnii_hibrido,960,104,11.58647986,19.4,,
44,65,E_dunnii_hibrido,960,105,6.111549815,11.6,,
44,65,E_dunnii_hibrido,960,106,11.39549393,16.7,2,
44,65,E_dunnii_hibrido,960,107,4.774648293,,20,
44,65,E_dunnii_hibrido,960,108,15.15155058,19.1,,
44,65,E_dunnii_hibrido,960,109,12.60507149,18.1,,
44,65,E_dunnii_hibrido,960,110,11.26816997,18.4,,
44,65,E_dunnii_hibrido,960,111,13.40084621,20.8,,
44,65,E_dunnii_hibrido,960,112,13.973804,18,,
44,65,E_dunnii_hibrido,960,113,,,1,
44,65,E_dunnii_hibrido,960,114,14.57859279,19.6,,
44,65,E_dunnii_hibrido,960,115,14.99239564,21.3,,
44,65,E_dunnii_hibrido,960,116,16.42479013,19.9,,
44,65,E_dunnii_hibrido,960,117,20.1490158,25.1,6,
44,65,E_dunnii_hibrido,960,118,14.00563499,22.7,,
44,65,E_dunnii_hibrido,960,119,,,1,
44,65,E_dunnii_hibrido,960,120,3.565070725,5.7,,
44,65,E_dunnii_hibrido,960,121,18.84394526,22.4,6,
44,65,E_dunnii_hibrido,960,122,6.366197724,9.6,,
44,65,E_dunnii_hibrido,960,123,,,1,
44,65,E_dunnii_hibrido,960,124,15.91549431,24.5,,
44,65,E_dunnii_hibrido,960,125,3.246760839,6.1,,
44,65,E_dunnii_hibrido,960,126,,,5,
44,65,E_dunnii_hibrido,960,127,,,1,
44,65,E_dunnii_hibrido,960,128,6.716338598,9.6,,
44,65,E_dunnii_hibrido,960,129,12.09577567,15.9,,
44,65,E_dunnii_hibrido,960,130,,,1,
44,65,E_dunnii_hibrido,960,131,7.321127382,9.4,,
44,65,E_dunnii_hibrido,960,132,5.092958179,8.6,,
44,65,E_dunnii_hibrido,960,133,22.44084698,25.9,6,
44,65,E_dunnii_hibrido,960,134,7.002817496,12.9,,
44,65,E_dunnii_hibrido,960,135,20.78563557,24.8,6,
44,65,E_dunnii_hibrido,960,136,,,1,
44,65,E_dunnii_hibrido,960,137,2.737465021,3.5,,
44,65,E_dunnii_hibrido,960,138,5.920563883,9.2,,
44,65,E_dunnii_hibrido,960,139,4.83831027,7.6,,
44,65,E_dunnii_hibrido,960,140,3.819718634,3.8,,
44,65,E_dunnii_hibrido,960,141,8.75352187,13.8,,
44,65,E_dunnii_hibrido,960,142,,,1,
44,65,E_dunnii_hibrido,960,143,,,1,
44,65,E_dunnii_hibrido,960,144,4.297183463,6.1,,
44,65,E_dunnii_hibrido,960,145,23.36394565,27.6,6,
44,65,E_dunnii_hibrido,960,146,,,1,
44,65,E_dunnii_hibrido,960,147,8.53070495,13.9,,
44,65,E_dunnii_hibrido,960,148,,,1,
44,65,E_dunnii_hibrido,960,149,16.42479013,18.6,,
44,65,E_dunnii_hibrido,960,150,9.008169779,11.4,,
44,65,E_dunnii_hibrido,960,151,6.016056849,8.5,,
44,65,E_dunnii_hibrido,960,152,12.28676161,16.6,,
44,65,E_dunnii_hibrido,960,153,3.69239468,5.7,,
44,65,E_dunnii_hibrido,960,154,,,1,
44,65,E_dunnii_hibrido,960,155,16.93408594,25.5,,
44,65,E_dunnii_hibrido,960,156,7.512113314,12.1,,
44,65,E_dunnii_hibrido,960,157,5.920563883,8.3,,
44,65,E_dunnii_hibrido,960,158,2.228169203,3.4,,
44,65,E_dunnii_hibrido,960,159,7.161972439,12.6,,
44,65,E_dunnii_hibrido,960,160,,,1,
44,65,E_grandis,960,1,,,1,
44,65,E_grandis,960,2,17.85718461,22.1,,
44,65,E_grandis,960,3,13.11436731,21.2,,
44,65,E_grandis,960,4,15.78817035,21.6,,
44,65,E_grandis,960,5,16.2338042,,20,
44,65,E_grandis,960,6,15.82000134,22.9,,
44,65,E_grandis,960,7,14.32394488,19.6,,
44,65,E_grandis,960,8,16.83859298,21.4,,
44,65,E_grandis,960,9,15.56535343,21.8,,
44,65,E_grandis,960,10,9.963099438,15.2,,
44,65,E_grandis,960,11,16.04281826,20.8,,
44,65,E_grandis,960,12,17.60253671,22,,
44,65,E_grandis,960,13,6.493521678,12.9,7,
44,65,E_grandis,960,14,15.46986047,19.8,,
44,65,E_grandis,960,15,13.71915609,19.1,,
44,65,E_grandis,960,16,16.04281826,21.3,,
44,65,E_grandis,960,17,14.2602829,19.7,,
44,65,E_grandis,960,18,14.89690267,22.6,,
44,65,E_grandis,960,19,13.11436731,22.1,,
44,65,E_grandis,960,20,16.96591693,23.4,,
44,65,E_grandis,960,21,12.47774754,21.2,,
44,65,E_grandis,960,22,3.246760839,5.3,7,
44,65,E_grandis,960,23,12.79605742,20.3,,
44,65,E_grandis,960,24,16.29746617,23.9,,
44,65,E_grandis,960,25,12.47774754,21.1,,
44,65,E_grandis,960,26,13.75098708,20.5,,
44,65,E_grandis,960,27,12.25493062,20.2,,
44,65,E_grandis,960,28,14.22845191,21.7,,
44,65,E_grandis,960,29,10.75887415,17.5,,
44,65,E_grandis,960,30,10.24957834,17.7,,
44,65,E_grandis,960,31,17.15690287,22.9,,
44,65,E_grandis,960,32,17.98450857,24.4,6,
44,65,E_grandis,960,33,24.66901618,28.9,6,
44,65,E_grandis,960,34,11.42732491,19.1,,
44,65,E_grandis,960,35,12.22309963,19.8,,
44,65,E_grandis,960,36,15.27887454,22.7,,
44,65,E_grandis,960,37,14.32394488,19.9,,
44,65,E_grandis,960,38,11.68197282,19.8,,
44,65,E_grandis,960,39,15.91549431,22,,
44,65,E_grandis,960,40,9.740282517,19.4,,
44,65,E_grandis,960,41,11.42732491,18.3,,
44,65,E_grandis,960,42,15.40619849,22.6,,
44,65,E_grandis,960,43,11.84112777,22.6,,
44,65,E_grandis,960,44,14.86507168,23,,
44,65,E_grandis,960,45,11.80929678,21.5,,
44,65,E_grandis,960,46,12.50957853,21.2,,
44,65,E_grandis,960,47,14.32394488,22.1,,
44,65,E_grandis,960,48,14.35577587,20.4,,
44,65,E_grandis,960,49,17.12507188,23.5,,
44,65,E_grandis,960,50,10.69521218,22.6,,
44,65,E_grandis,960,51,11.36366294,,20,
44,65,E_grandis,960,52,16.2338042,23.5,,
44,65,E_grandis,960,53,10.18591636,20.1,,
44,65,E_grandis,960,54,15.59718442,22.5,,
44,65,E_grandis,960,55,7.257465405,14.4,,
44,65,E_grandis,960,56,13.62366313,21.3,,
44,65,E_grandis,960,57,14.96056465,22.2,,
44,65,E_grandis,960,58,10.82253613,19.4,,
44,65,E_grandis,960,59,7.002817496,14.5,7,
44,65,E_grandis,960,60,16.39295914,23.5,,
44,65,E_grandis,960,61,14.92873366,22,,
44,65,E_grandis,960,62,10.37690229,17.3,,
44,65,E_grandis,960,63,16.80676199,22.9,,
44,65,E_grandis,960,64,,,1,
44,65,E_grandis,960,65,20.53098766,23.7,6,
44,65,E_grandis,960,66,12.09577567,21.3,,
44,65,E_grandis,960,67,12.22309963,20.5,,
44,65,E_grandis,960,68,14.92873366,22.6,,
44,65,E_grandis,960,69,13.24169127,20.9,,
44,65,E_grandis,960,70,9.230986699,17.9,,
44,65,E_grandis,960,71,11.52281788,18.1,,
44,65,E_grandis,960,72,16.83859298,23.6,,
44,65,E_grandis,960,73,14.67408575,24.8,,
44,65,E_grandis,960,74,12.60507149,20.2,,
44,65,E_grandis,960,75,10.24957834,19.5,,
44,65,E_grandis,960,76,12.82788841,21,,
44,65,E_grandis,960,77,11.26816997,20.5,,
44,65,E_grandis,960,78,14.80140971,21.9,,
44,65,E_grandis,960,79,14.32394488,22.1,,
44,65,E_grandis,960,80,17.18873385,23.2,,
44,65,E_grandis,960,81,9.103662745,16.5,,
44,65,E_grandis,960,82,10.21774735,13.7,,
44,65,E_grandis,960,83,14.61042378,21.6,,
44,65,E_grandis,960,84,13.84648005,20.9,,
44,65,E_grandis,960,85,11.58647986,20.1,,
44,65,E_grandis,960,86,,,1,
44,65,E_grandis,960,87,16.83859298,23.5,,
44,65,E_grandis,960,88,14.76957872,23.8,,
44,65,E_grandis,960,89,15.88366332,24.3,,
44,65,E_grandis,960,90,14.38760686,22.1,,
44,65,E_grandis,960,91,12.95521237,20.1,,
44,65,E_grandis,960,92,14.89690267,22.2,,
44,65,E_grandis,960,93,14.89690267,24,,
44,65,E_grandis,960,94,11.7456348,20.5,,
44,65,E_grandis,960,95,16.39295914,23.6,,
44,65,E_grandis,960,96,17.02957891,22.8,,
44,65,E_grandis,960,97,,,1,
44,65,E_grandis,960,98,18.90760724,24.1,6,
44,65,E_grandis,960,99,16.55211408,24.1,,
44,65,E_grandis,960,100,11.20450799,20.9,,
44,65,E_grandis,960,101,11.17267701,19.3,,
44,65,E_grandis,960,102,14.64225476,21.5,,
44,65,E_grandis,960,103,12.54140952,20.5,,
44,65,E_grandis,960,104,8.721690881,16.8,,
44,65,E_grandis,960,105,17.50704374,25.1,,
44,65,E_grandis,960,106,9.390141642,15.8,,
44,65,E_grandis,960,107,17.69802967,24.2,,
44,65,E_grandis,960,108,11.90478974,18.9,,
44,65,E_grandis,960,109,16.39295914,23.9,,
44,65,E_grandis,960,110,10.79070514,18.8,,
44,65,E_grandis,960,111,14.19662092,22.2,,
44,65,E_grandis,960,112,21.64507226,25.4,6,
44,65,E_grandis,960,113,18.23915648,25.4,6,
44,65,E_grandis,960,114,15.24704355,22.8,,
44,65,E_grandis,960,115,,,5,
44,65,E_grandis,960,116,16.64760705,23.2,,
44,65,E_grandis,960,117,12.66873347,22.2,,
44,65,E_grandis,960,118,14.32394488,22,,
44,65,E_grandis,960,119,11.07718404,20,,
44,65,E_grandis,960,120,14.48309982,22.8,,
44,65,E_grandis,960,121,13.68732511,21.2,,
44,65,E_grandis,960,122,14.2602829,22.1,,
44,65,E_grandis,960,123,8.944507802,18.1,,
44,65,E_grandis,960,124,14.19662092,22.6,,
44,65,E_grandis,960,125,,,1,
44,65,E_grandis,960,126,15.21521256,23.6,,
44,65,E_grandis,960,127,14.48309982,23.8,,
44,65,E_grandis,960,128,18.11183252,21.9,6,
44,65,E_grandis,960,129,15.11971959,18.9,,
44,65,E_grandis,960,130,16.4884521,28,,
44,65,E_grandis,960,131,14.76957872,22.5,,
44,65,E_grandis,960,132,14.13295895,23.6,,
44,65,E_grandis,960,133,16.42479013,23,,
44,65,E_grandis,960,134,17.69802967,24.1,,
44,65,E_grandis,960,135,,,1,
44,65,E_grandis,960,136,9.040000768,15.6,,
44,65,E_grandis,960,137,16.774931,23.5,,
44,65,E_grandis,960,138,12.8597194,21.2,,
44,65,E_grandis,960,139,,,1,
44,65,E_grandis,960,140,15.88366332,22.9,,
44,65,E_grandis,960,141,17.37971979,25.4,,
44,65,E_grandis,960,142,7.798592212,14.6,,
44,65,E_grandis,960,143,15.53352245,22.9,,
44,65,E_grandis,960,144,15.82000134,22.8,,
44,65,E_grandis,960,145,16.45662112,22.9,,
44,65,E_grandis,960,146,13.81464906,21.9,,
44,65,E_grandis,960,147,12.8597194,22,,
44,65,E_grandis,960,148,15.72450838,24,,
44,65,E_grandis,960,149,17.0614099,24.7,,
44,65,E_grandis,960,150,16.07464925,22.2,,
44,65,E_grandis,960,151,14.70591674,23.9,,
44,65,E_grandis,960,152,17.25239583,23.7,,
44,65,E_grandis,960,153,15.43802948,23.7,,
44,65,E_grandis,960,154,14.19662092,21.5,,
44,65,E_grandis,960,155,7.894085177,13.7,,
44,65,E_grandis,960,156,26.76986143,27.8,6,
44,65,E_grandis,960,157,5.156620156,,20,
44,65,E_grandis,960,158,23.52310059,27.7,6,
44,65,E_grandis,960,159,23.96873443,25.2,6,
44,65,E_grandis,960,160,10.53605723,16.6,,
44,65,E_maculata,960,1,9.230986699,14.3,,
44,65,E_maculata,960,2,6.589014644,9.3,,
44,65,E_maculata,960,3,12.54140952,16.7,,
44,65,E_maculata,960,4,12.79605742,19.8,,
44,65,E_maculata,960,5,12.50957853,15.8,2,
44,65,E_maculata,960,6,14.80140971,17.9,,
44,65,E_maculata,960,7,,,5,
44,65,E_maculata,960,8,8.75352187,11.5,,
44,65,E_maculata,960,9,5.665915974,9.6,,
44,65,E_maculata,960,10,16.36112815,18,6,
44,65,E_maculata,960,11,11.52281788,16.9,,
44,65,E_maculata,960,12,11.77746579,17.1,,
44,65,E_maculata,960,13,4.583662361,6.6,,
44,65,E_maculata,960,14,13.36901522,17.3,,
44,65,E_maculata,960,15,11.23633898,16,,
44,65,E_maculata,960,16,7.321127382,11.9,,
44,65,E_maculata,960,17,7.734930234,11.6,,
44,65,E_maculata,960,18,11.87295875,17.2,,
44,65,E_maculata,960,19,10.09042339,15.7,,
44,65,E_maculata,960,20,9.803944494,14,,
44,65,E_maculata,960,21,8.05324012,13,,
44,65,E_maculata,960,22,9.167324722,14.2,,
44,65,E_maculata,960,23,12.3185926,16.6,,
44,65,E_maculata,960,24,3.023943919,5.9,7,2
44,65,E_maculata,960,25,14.86507168,17.9,,
44,65,E_maculata,960,26,8.371550007,12.7,,
44,65,E_maculata,960,27,12.0321137,16,,
44,65,E_maculata,960,28,9.867606472,13.2,,
44,65,E_maculata,960,29,12.76422644,18.9,,
44,65,E_maculata,960,30,11.42732491,16.2,,
44,65,E_maculata,960,31,14.76957872,19.2,,
44,65,E_maculata,960,32,9.390141642,13.5,,
44,65,E_maculata,960,33,7.798592212,13.9,,
44,65,E_maculata,960,34,6.175211792,9,,
44,65,E_maculata,960,35,2.928450953,5.9,7,
44,65,E_maculata,960,36,4.360845441,,20,
44,65,E_maculata,960,37,14.00563499,18.5,,
44,65,E_maculata,960,38,15.97915629,20.4,,
44,65,E_maculata,960,39,14.86507168,20.1,,
44,65,E_maculata,960,40,9.931268449,16.4,,
44,65,E_maculata,960,41,15.82000134,18.9,,
44,65,E_maculata,960,42,4.933803236,7.6,,
44,65,E_maculata,960,43,10.44056427,11.9,,
44,65,E_maculata,960,44,10.94986008,15.4,,
44,65,E_maculata,960,45,16.07464925,18.1,6,
44,65,E_maculata,960,46,10.50422624,16.1,2,
44,65,E_maculata,960,47,12.8597194,17.7,,
44,65,E_maculata,960,48,7.60760628,10.2,,
44,65,E_maculata,960,49,10.18591636,14.6,,
44,65,E_maculata,960,50,13.05070533,17.3,,
44,65,E_maculata,960,51,8.912676813,10.8,,
44,65,E_maculata,960,52,10.31324031,15.4,,
44,65,E_maculata,960,53,16.99774792,19.6,6,21
44,65,E_maculata,960,54,15.11971959,18.8,,
44,65,E_maculata,960,55,,,1,
44,65,E_maculata,960,56,17.31605781,21.7,6,
44,65,E_maculata,960,57,6.939155519,10.6,,
44,65,E_maculata,960,58,15.72450838,19.6,,
44,65,E_maculata,960,59,10.50422624,12.8,,
44,65,E_maculata,960,60,10.3450713,15.6,,
44,65,E_maculata,960,61,3.819718634,6.7,2,
44,65,E_maculata,960,62,6.366197724,10.9,,
44,65,E_maculata,960,63,5.98422586,8.8,,
44,65,E_maculata,960,64,7.225634416,12.3,,
44,65,E_maculata,960,65,12.66873347,18.9,,
44,65,E_maculata,960,66,,,1,
44,65,E_maculata,960,67,6.270704758,11.1,,
44,65,E_maculata,960,68,,,1,
44,65,E_maculata,960,69,,,5,
44,65,E_maculata,960,70,9.421972631,14.1,,
44,65,E_maculata,960,71,13.1461983,19.5,,
44,65,E_maculata,960,72,10.0585924,13.1,,
44,65,E_maculata,960,73,14.96056465,19.4,,
44,65,E_maculata,960,74,11.20450799,18.5,,
44,65,E_maculata,960,75,13.59183214,20.5,,
44,65,E_maculata,960,76,8.116902098,12.3,2,
44,65,E_maculata,960,77,12.8597194,19.5,,
44,65,E_maculata,960,78,11.77746579,17.1,,
44,65,E_maculata,960,79,9.167324722,14.5,,
44,65,E_maculata,960,80,7.225634416,10.3,,
44,65,E_maculata,960,81,7.798592212,12.9,,
44,65,E_maculata,960,82,11.4591559,16.6,,
44,65,E_maculata,960,83,15.72450838,19.1,,
44,65,E_maculata,960,84,12.3185926,18.7,,
44,65,E_maculata,960,85,11.87295875,18.2,,
44,65,E_maculata,960,86,7.798592212,14.5,2,
44,65,E_maculata,960,87,10.12225438,16.8,,
44,65,E_maculata,960,88,16.99774792,20.9,6,
44,65,E_maculata,960,89,15.69267739,19.4,,
44,65,E_maculata,960,90,8.498873961,13.2,,
44,65,E_maculata,960,91,10.94986008,15.2,,
44,65,E_maculata,960,92,,,1,
44,65,E_maculata,960,93,19.25774811,20.5,6,
44,65,E_maculata,960,94,10.50422624,16.9,,
44,65,E_maculata,960,95,12.28676161,19.6,,
44,65,E_maculata,960,96,14.80140971,21.1,,
44,65,E_maculata,960,97,,,1,
44,65,E_maculata,960,98,17.98450857,23.9,6,
44,65,E_maculata,960,99,10.28140932,13,,
44,65,E_maculata,960,100,12.95521237,18.8,,
44,65,E_maculata,960,101,12.5732405,18.9,,
44,65,E_maculata,960,102,14.73774773,21.1,,
44,65,E_maculata,960,103,6.811831564,10.2,,
44,65,E_maculata,960,104,19.98986085,22.7,6,
44,65,E_maculata,960,105,15.27887454,20,,
44,65,E_maculata,960,106,10.18591636,15.9,,
44,65,E_maculata,960,107,,,1,
44,65,E_maculata,960,108,10.40873328,14.4,,
44,65,E_maculata,960,109,8.849014836,11.7,,
44,65,E_maculata,960,110,14.06929697,19.5,,
44,65,E_maculata,960,111,5.156620156,8.2,,
44,65,E_maculata,960,112,7.543944303,14.5,,
44,65,E_maculata,960,113,9.772113506,12.7,,
44,65,E_maculata,960,114,4.583662361,7.4,,
44,65,E_maculata,960,115,,,1,
44,65,E_maculata,960,116,11.90478974,17.1,2,
44,65,E_maculata,960,117,12.50957853,17.5,,
44,65,E_maculata,960,118,9.612958563,14.9,,
44,65,E_maculata,960,119,14.35577587,17.3,21,
44,65,E_maculata,960,120,10.59971921,14.9,,
44,65,E_maculata,960,121,9.135493733,15.9,,
44,65,E_maculata,960,122,14.96056465,21.2,,
44,65,E_maculata,960,123,9.549296586,14.3,2,
44,65,E_maculata,960,124,5.729577951,10.5,,
44,65,E_maculata,960,125,16.07464925,19.9,,
44,65,E_maculata,960,126,12.35042358,18.8,,
44,65,E_maculata,960,127,10.18591636,16.8,,
44,65,E_maculata,960,128,10.98169107,18.6,,
44,65,E_maculata,960,129,4.360845441,6.4,,
44,65,E_maculata,960,130,8.594366927,15.9,,
44,65,E_maculata,960,131,12.73239545,17.2,,
44,65,E_maculata,960,132,,,1,
44,65,E_maculata,960,133,9.071831756,15.5,,
44,65,E_maculata,960,134,14.32394488,18.3,,
44,65,E_maculata,960,135,16.36112815,22,6,
44,65,E_maculata,960,136,14.32394488,20.5,,
44,65,E_maculata,960,137,11.01352206,16.4,,
44,65,E_maculata,960,138,19.48056503,24.2,6,
44,65,E_maculata,960,139,14.48309982,19.5,,
44,65,E_maculata,960,140,4.520000384,6.7,,
44,65,E_maculata,960,141,12.41408556,16.2,,
44,65,E_maculata,960,142,,,1,
44,65,E_maculata,960,143,13.94197301,19.2,,
44,65,E_maculata,960,144,9.135493733,13.3,,
44,65,E_maculata,960,145,6.748169587,12.1,,
44,65,E_maculata,960,146,14.2602829,16.4,,
44,65,E_maculata,960,147,9.740282517,16.1,,
44,65,E_maculata,960,148,4.297183463,6.2,,
44,65,E_maculata,960,149,13.20986028,20.2,,
44,65,E_maculata,960,150,12.35042358,19.4,,
44,65,E_maculata,960,151,8.75352187,16.9,2,
44,65,E_maculata,960,152,4.647324338,6.8,2,
44,65,E_maculata,960,153,7.130141451,13.8,2,
44,65,E_maculata,960,154,4.329014452,8.5,,
44,65,E_maculata,960,155,,,1,
44,65,E_maculata,960,156,8.276057041,12.3,,
44,65,E_maculata,960,157,15.18338157,20.5,,
44,65,E_maculata,960,158,9.994930426,15.1,,
44,65,E_maculata,960,159,11.30000096,16.6,,
44,65,E_maculata,960,160,8.53070495,16.4,,
44,65,E_pellita,960,1,8.021409132,12.9,,
44,65,E_pellita,960,2,12.09577567,15,,
44,65,E_pellita,960,3,10.56788822,13.7,,
44,65,E_pellita,960,4,11.10901503,13.6,,
44,65,E_pellita,960,5,12.63690248,18.2,,
44,65,E_pellita,960,6,,,1,
44,65,E_pellita,960,7,,,1,
44,65,E_pellita,960,8,12.70056446,19,,
44,65,E_pellita,960,9,19.54422701,21.2,6,
44,65,E_pellita,960,10,10.59971921,15.3,,
44,65,E_pellita,960,11,10.37690229,15.2,,
44,65,E_pellita,960,12,8.849014836,13.8,,
44,65,E_pellita,960,13,7.639437268,,20,
44,65,E_pellita,960,14,9.67662054,13.4,21,
44,65,E_pellita,960,15,,,1,
44,65,E_pellita,960,16,5.188451145,9.6,,
44,65,E_pellita,960,17,17.3478888,,4,
44,65,E_pellita,960,18,8.849014836,12.8,,
44,65,E_pellita,960,19,17.0614099,22.5,,
44,65,E_pellita,960,20,17.41155077,19.4,,
44,65,E_pellita,960,21,14.13295895,19.6,,
44,65,E_pellita,960,22,24.0642274,23.5,6,
44,65,E_pellita,960,23,17.31605781,18.3,,
44,65,E_pellita,960,24,12.3185926,18.2,,
44,65,E_pellita,960,25,9.167324722,,4,
44,65,E_pellita,960,26,4.329014452,6.5,,
44,65,E_pellita,960,27,5.220282133,10.3,2,
44,65,E_pellita,960,28,17.47521275,21.3,,
44,65,E_pellita,960,29,16.26563518,21,,
44,65,E_pellita,960,30,8.339719018,11.8,,
44,65,E_pellita,960,31,,,1,
44,65,E_pellita,960,32,8.371550007,13,,
44,65,E_pellita,960,33,,,1,
44,65,E_pellita,960,34,12.00028271,14.1,,
44,65,E_pellita,960,35,11.58647986,12.9,,
44,65,E_pellita,960,36,,,5,
44,65,E_pellita,960,37,12.28676161,16.5,,
44,65,E_pellita,960,38,6.970986507,11.7,,
44,65,E_pellita,960,39,10.44056427,15,,
44,65,E_pellita,960,40,15.85183233,18.9,,
44,65,E_pellita,960,41,17.95267758,20.8,,
44,65,E_pellita,960,42,8.817183847,15.3,,
44,65,E_pellita,960,43,17.18873385,21.6,,
44,65,E_pellita,960,44,11.71380381,17.3,,
44,65,E_pellita,960,45,,,1,
44,65,E_pellita,960,46,11.07718404,15.8,,
44,65,E_pellita,960,47,7.925916166,,4,
44,65,E_pellita,960,48,,,1,
44,65,E_pellita,960,49,12.28676161,,4,
44,65,E_pellita,960,50,17.18873385,18.8,,
44,65,E_pellita,960,51,9.867606472,14.4,,
44,65,E_pellita,960,52,14.76957872,15.2,,
44,65,E_pellita,960,53,6.016056849,8.4,,
44,65,E_pellita,960,54,16.96591693,19,,
44,65,E_pellita,960,55,5.474930042,9.5,,
44,65,E_pellita,960,56,15.9473253,18.2,,
44,65,E_pellita,960,57,10.66338119,16.3,,
44,65,E_pellita,960,58,10.50422624,,4,
44,65,E_pellita,960,59,10.3450713,16.6,,
44,65,E_pellita,960,60,20.30817074,25.3,6,
44,65,E_pellita,960,61,,,1,
44,65,E_pellita,960,62,12.06394469,15.7,,
44,65,E_pellita,960,63,,,1,
44,65,E_pellita,960,64,6.143380803,10.5,,
44,65,E_pellita,960,65,6.366197724,12.7,,
44,65,E_pellita,960,66,9.199155711,13.8,,
44,65,E_pellita,960,67,14.29211389,18.2,,
44,65,E_pellita,960,68,7.766761223,14.1,,
44,65,E_pellita,960,69,6.843662553,10,,
44,65,E_pellita,960,70,19.83070591,22.6,6,
44,65,E_pellita,960,71,8.97633879,16.8,,
44,65,E_pellita,960,72,,,1,
44,65,E_pellita,960,73,12.22309963,16.7,,
44,65,E_pellita,960,74,22.53633994,23.8,6,
44,65,E_pellita,960,75,12.22309963,17.3,,
44,65,E_pellita,960,76,10.28140932,13.4,,
44,65,E_pellita,960,77,,,1,
44,65,E_pellita,960,78,,,5,
44,65,E_pellita,960,79,15.50169146,19.2,,
44,65,E_pellita,960,80,7.766761223,13.7,,
44,65,E_pellita,960,81,7.8304232,11,,
44,65,E_pellita,960,82,17.98450857,22.5,,
44,65,E_pellita,960,83,,,1,
44,65,E_pellita,960,84,,,1,
44,65,E_pellita,960,85,12.66873347,,4,
44,65,E_pellita,960,86,15.72450838,19.2,,
44,65,E_pellita,960,87,12.79605742,17,,
44,65,E_pellita,960,88,6.207042781,9.6,,
44,65,E_pellita,960,89,21.13577644,22.2,6,
44,65,E_pellita,960,90,17.66619868,21.1,,
44,65,E_pellita,960,91,10.24957834,16.9,,
44,65,E_pellita,960,92,7.8304232,13.6,,
44,65,E_pellita,960,93,12.8597194,18,,
44,65,E_pellita,960,94,12.47774754,18.9,,
44,65,E_pellita,960,95,24.50986124,29.3,6,
44,65,E_pellita,960,96,4.806479281,5.4,,
44,65,E_pellita,960,97,,,1,
44,65,E_pellita,960,98,8.817183847,13,,
44,65,E_pellita,960,99,10.44056427,15.2,,
44,65,E_pellita,960,100,8.721690881,13.4,,
44,65,E_pellita,960,101,11.20450799,16.5,,
44,65,E_pellita,960,102,22.02704412,24.4,6,
44,65,E_pellita,960,103,,,1,
44,65,E_pellita,960,104,9.67662054,,4,
44,65,E_pellita,960,105,3.533239737,,20,
44,65,E_pellita,960,106,14.29211389,19.8,,
44,65,E_pellita,960,107,8.912676813,13,,
44,65,E_pellita,960,108,7.703099246,11.5,,
44,65,E_pellita,960,109,16.74310001,,4,
44,65,E_pellita,960,110,18.84394526,21.4,6,
44,65,E_pellita,960,111,13.62366313,19.5,,
44,65,E_pellita,960,112,5.315775099,6.3,,
44,65,E_pellita,960,113,18.68479032,,20,
44,65,E_pellita,960,114,12.35042358,14.1,,
44,65,E_pellita,960,115,13.68732511,15.7,,
44,65,E_pellita,960,116,16.74310001,20.1,,
44,65,E_pellita,960,117,17.85718461,20.7,,
44,65,E_pellita,960,118,9.008169779,14.4,,
44,65,E_pellita,960,119,13.68732511,,4,
44,65,E_pellita,960,120,16.10648024,20.2,,
44,65,E_pellita,960,121,9.931268449,16.1,,
44,65,E_pellita,960,122,15.05605762,17.7,,
44,65,E_pellita,960,123,10.18591636,14,,
44,65,E_pellita,960,124,10.6315502,13,,
44,65,E_pellita,960,125,14.73774773,21.8,,
44,65,E_pellita,960,126,10.69521218,21.9,,
44,65,E_pellita,960,127,4.583662361,10.3,,
44,65,E_pellita,960,128,9.708451529,13.7,,
44,65,E_pellita,960,129,,,1,
44,65,E_pellita,960,130,11.17267701,18.2,,
44,65,E_pellita,960,131,6.652676621,9.9,,
44,65,E_pellita,960,132,14.86507168,19.8,21,
44,65,E_pellita,960,133,11.07718404,12.3,,
44,65,E_pellita,960,134,,,1,
44,65,E_pellita,960,135,6.111549815,9,,
44,65,E_pellita,960,136,8.785352859,13.7,,
44,65,E_pellita,960,137,10.88619811,15.9,,
44,65,E_pellita,960,138,16.99774792,17.7,,
44,65,E_pellita,960,139,,,1,
44,65,E_pellita,960,140,15.75633937,19.3,,
44,65,E_pellita,960,141,7.384789359,12.9,,
44,65,E_pellita,960,142,5.602253997,9.6,,
44,65,E_pellita,960,143,,,1,
44,65,E_pellita,960,144,3.469577759,6.2,,
44,65,E_pellita,960,145,10.40873328,15.2,,
44,65,E_pellita,960,146,10.69521218,11.5,,
44,65,E_pellita,960,147,5.252113122,9.1,,
44,65,E_pellita,960,148,17.98450857,20.8,,
44,65,E_pellita,960,149,5.443099054,5.3,,
44,65,E_pellita,960,150,,,1,
44,65,E_pellita,960,151,4.424507418,8.4,,
44,65,E_pellita,960,152,12.70056446,17.3,,
44,65,E_pellita,960,153,18.33464944,20.1,,
44,65,E_pellita,960,154,15.91549431,17.8,,
44,65,E_pellita,960,155,,,1,
44,65,E_pellita,960,156,15.62901541,18.4,,
44,65,E_pellita,960,157,8.689859893,14.4,,
44,65,E_pellita,960,158,19.54422701,22.8,6,
44,65,E_pellita,960,159,4.265352475,6.5,,
44,65,E_pellita,960,160,,,1,
44,65,E_propinqua,960,1,11.14084602,18.5,,
44,65,E_propinqua,960,2,,,1,
44,65,E_propinqua,960,3,7.066479473,12.6,,
44,65,E_propinqua,960,4,14.96056465,21,,
44,65,E_propinqua,960,5,8.594366927,12.7,,
44,65,E_propinqua,960,6,6.620845633,9.8,,
44,65,E_propinqua,960,7,10.56788822,15.5,,
44,65,E_propinqua,960,8,11.49098689,18.9,,
44,65,E_propinqua,960,9,,,1,
44,65,E_propinqua,960,10,,,1,
44,65,E_propinqua,960,11,17.12507188,23.4,6,
44,65,E_propinqua,960,12,,,1,
44,65,E_propinqua,960,13,11.30000096,14.8,,
44,65,E_propinqua,960,14,3.787887646,6.5,,
44,65,E_propinqua,960,15,13.75098708,17.1,,
44,65,E_propinqua,960,16,6.047887837,9.5,,
44,65,E_propinqua,960,17,15.9473253,22.6,,
44,65,E_propinqua,960,18,11.33183195,16.6,,
44,65,E_propinqua,960,19,11.58647986,15.3,,
44,65,E_propinqua,960,20,12.89155039,20.4,,
44,65,E_propinqua,960,21,15.15155058,20.3,,
44,65,E_propinqua,960,22,15.31070553,23.7,,
44,65,E_propinqua,960,23,2.514648101,5.3,2,
44,65,E_propinqua,960,24,11.52281788,18,,
44,65,E_propinqua,960,25,6.716338598,,20,
44,65,E_propinqua,960,26,13.94197301,17.2,21,
44,65,E_propinqua,960,27,13.81464906,19.1,,
44,65,E_propinqua,960,28,5.220282133,7.2,,
44,65,E_propinqua,960,29,12.60507149,20.3,,
44,65,E_propinqua,960,30,11.61831085,14.3,,
44,65,E_propinqua,960,31,9.517465597,18.2,,
44,65,E_propinqua,960,32,3.787887646,4.8,,
44,65,E_propinqua,960,33,7.512113314,12.1,,
44,65,E_propinqua,960,34,8.212395064,15.6,,
44,65,E_propinqua,960,35,5.411268065,9.5,,
44,65,E_propinqua,960,36,2.705634033,5.5,,
44,65,E_propinqua,960,37,13.17802929,18.1,,
44,65,E_propinqua,960,38,9.326479665,15.8,,
44,65,E_propinqua,960,39,18.97126922,26.1,6,
44,65,E_propinqua,960,40,11.23633898,16.3,,
44,65,E_propinqua,960,41,10.72704316,13.6,,
44,65,E_propinqua,960,42,15.69267739,22.4,,
44,65,E_propinqua,960,43,,,1,
44,65,E_propinqua,960,44,11.04535305,19.8,,
44,65,E_propinqua,960,45,10.37690229,17.5,,
44,65,E_propinqua,960,46,16.04281826,22.3,,
44,65,E_propinqua,960,47,9.740282517,15.3,,
44,65,E_propinqua,960,48,8.021409132,10.3,,
44,65,E_propinqua,960,49,9.199155711,13.9,,
44,65,E_propinqua,960,50,18.20732549,28.9,6,
44,65,E_propinqua,960,51,17.0614099,10.9,6,
44,65,E_propinqua,960,52,7.066479473,23.6,,
44,65,E_propinqua,960,53,14.67408575,12.7,,
44,65,E_propinqua,960,54,7.352958371,24.5,,
44,65,E_propinqua,960,55,16.87042397,6.8,6,
44,65,E_propinqua,960,56,,,1,
44,65,E_propinqua,960,57,,,1,
44,65,E_propinqua,960,58,,,1,
44,65,E_propinqua,960,59,2.928450953,3.5,,
44,65,E_propinqua,960,60,,,1,
44,65,E_propinqua,960,61,,,1,
44,65,E_propinqua,960,62,11.4591559,17.1,,
44,65,E_propinqua,960,63,12.09577567,20.8,,
44,65,E_propinqua,960,64,,,1,
44,65,E_propinqua,960,65,9.167324722,16.6,,
44,65,E_propinqua,960,66,17.3478888,23.5,6,
44,65,E_propinqua,960,67,11.33183195,14.7,,
44,65,E_propinqua,960,68,17.57070572,27.5,6,
44,65,E_propinqua,960,69,8.085071109,13.5,,
44,65,E_propinqua,960,70,5.570423008,6.6,,
44,65,E_propinqua,960,71,22.0907061,26.3,6,
44,65,E_propinqua,960,72,11.26816997,20.8,,
44,65,E_propinqua,960,73,9.835775483,17.4,,
44,65,E_propinqua,960,74,10.6315502,12.9,,
44,65,E_propinqua,960,75,7.161972439,11.5,,
44,65,E_propinqua,960,76,17.15690287,23.1,6,
44,65,E_propinqua,960,77,7.161972439,12.6,,
44,65,E_propinqua,960,78,2.514648101,3.3,,
44,65,E_propinqua,960,79,5.283944111,12.1,,
44,65,E_propinqua,960,80,,,1,
44,65,E_propinqua,960,81,6.238873769,7.3,,
44,65,E_propinqua,960,82,6.875493542,12.4,,
44,65,E_propinqua,960,83,10.24957834,19.3,,
44,65,E_propinqua,960,84,,,1,
44,65,E_propinqua,960,85,10.50422624,19.2,,
44,65,E_propinqua,960,86,16.58394507,22.5,,
44,65,E_propinqua,960,87,16.10648024,22.6,,
44,65,E_propinqua,960,88,12.38225457,18.9,,
44,65,E_propinqua,960,89,,,1,
44,65,E_propinqua,960,90,10.3450713,12.8,21,
44,65,E_propinqua,960,91,14.70591674,22.4,,
44,65,E_propinqua,960,92,3.660563691,7.3,,
44,65,E_propinqua,960,93,5.283944111,8.2,,
44,65,E_propinqua,960,94,,,1,
44,65,E_propinqua,960,95,5.729577951,9.7,,
44,65,E_propinqua,960,96,,,1,
44,65,E_propinqua,960,97,7.416620348,15.7,,
44,65,E_propinqua,960,98,9.390141642,16.3,,
44,65,E_propinqua,960,99,,,1,
44,65,E_propinqua,960,100,6.111549815,9.4,,
44,65,E_propinqua,960,101,15.43802948,22.3,,
44,65,E_propinqua,960,102,9.740282517,13.4,,
44,65,E_propinqua,960,103,18.30281846,21.6,6,
44,65,E_propinqua,960,104,3.596901714,6.9,,
44,65,E_propinqua,960,105,,,1,
44,65,E_propinqua,960,106,,,1,
44,65,E_propinqua,960,107,4.647324338,5.7,,
44,65,E_propinqua,960,108,13.62366313,20.2,,
44,65,E_propinqua,960,109,13.59183214,20,,
44,65,E_propinqua,960,110,10.53605723,15.5,,
44,65,E_propinqua,960,111,,,1,
44,65,E_propinqua,960,112,6.90732453,11.6,,
44,65,E_propinqua,960,113,10.82253613,17.1,,
44,65,E_propinqua,960,114,6.398028712,11.6,,
44,65,E_propinqua,960,115,,,1,
44,65,E_propinqua,960,116,,,1,
44,65,E_propinqua,960,117,,,1,
44,65,E_propinqua,960,118,,,1,
44,65,E_propinqua,960,119,15.08788861,21.9,,
44,65,E_propinqua,960,120,4.965634224,9,,
44,65,E_propinqua,960,121,,,1,
44,65,E_propinqua,960,122,11.77746579,15.7,,
44,65,E_propinqua,960,123,,,1,
44,65,E_propinqua,960,124,14.48309982,19.1,,
44,65,E_propinqua,960,125,5.602253997,9.7,,
44,65,E_propinqua,960,126,8.021409132,14.6,,
44,65,E_propinqua,960,127,8.594366927,13.8,,
44,65,E_propinqua,960,128,6.493521678,10.9,,
44,65,E_propinqua,960,129,8.53070495,14.6,,
44,65,E_propinqua,960,130,8.721690881,15.1,,
44,65,E_propinqua,960,131,10.82253613,17.5,,
44,65,E_propinqua,960,132,9.835775483,,20,
44,65,E_propinqua,960,133,5.920563883,7.1,,
44,65,E_propinqua,960,134,,,1,
44,65,E_propinqua,960,135,12.5732405,16.2,,
44,65,E_propinqua,960,136,8.912676813,11.6,,
44,65,E_propinqua,960,137,5.793239929,7.9,,
44,65,E_propinqua,960,138,9.708451529,14.4,,
44,65,E_propinqua,960,139,6.970986507,13.9,,
44,65,E_propinqua,960,140,14.22845191,,4,
44,65,E_propinqua,960,141,14.92873366,18.8,,
44,65,E_propinqua,960,142,15.24704355,22.5,,
44,65,E_propinqua,960,143,12.82788841,19.5,,
44,65,E_propinqua,960,144,3.660563691,8,,
44,65,E_propinqua,960,145,9.867606472,16.2,,
44,65,E_propinqua,960,146,8.594366927,15.5,,
44,65,E_propinqua,960,147,9.867606472,15.9,,
44,65,E_propinqua,960,148,7.193803428,12.8,,
44,65,E_propinqua,960,149,5.156620156,8.4,,
44,65,E_propinqua,960,150,11.36366294,17.7,,
44,65,E_propinqua,960,151,10.69521218,17.1,,
44,65,E_propinqua,960,152,8.435211984,11.3,,
44,65,E_propinqua,960,153,14.10112796,19.9,,
44,65,E_propinqua,960,154,13.81464906,18.8,,
44,65,E_propinqua,960,155,,,1,
44,65,E_propinqua,960,156,6.557183655,10.9,,
44,65,E_propinqua,960,157,9.485634608,13.7,,
44,65,E_propinqua,960,158,7.321127382,11.7,,
44,65,E_propinqua,960,159,8.403380995,14.1,,
44,65,E_propinqua,960,160,,,1,
44,65,E_saligna,960,1,15.75633937,19.9,,
44,65,E_saligna,960,2,13.49633917,18.2,,
44,65,E_saligna,960,3,14.00563499,22,,
44,65,E_saligna,960,4,6.843662553,9.8,,
44,65,E_saligna,960,5,9.167324722,16.3,,
44,65,E_saligna,960,6,14.03746598,22.6,,
44,65,E_saligna,960,7,8.97633879,15.1,,
44,65,E_saligna,960,8,12.54140952,19.7,,
44,65,E_saligna,960,9,9.867606472,16.7,,
44,65,E_saligna,960,10,10.94986008,18.7,,
44,65,E_saligna,960,11,9.994930426,16.6,,
44,65,E_saligna,960,12,8.97633879,14.6,,
44,65,E_saligna,960,13,13.36901522,18.9,,
44,65,E_saligna,960,14,15.27887454,20.7,,
44,65,E_saligna,960,15,13.65549412,18.9,,
44,65,E_saligna,960,16,11.65014183,17.9,,
44,65,E_saligna,960,17,16.87042397,19.2,,
44,65,E_saligna,960,18,15.88366332,21.3,,
44,65,E_saligna,960,19,,,1,
44,65,E_saligna,960,20,3.533239737,5.2,7,
44,65,E_saligna,960,21,10.6315502,15.4,,
44,65,E_saligna,960,22,16.71126902,19.1,,
44,65,E_saligna,960,23,12.25493062,17.9,,
44,65,E_saligna,960,24,12.22309963,17.6,,
44,65,E_saligna,960,25,9.963099438,17.1,,
44,65,E_saligna,960,26,19.79887492,21.2,6,
44,65,E_saligna,960,27,6.334366735,8.2,,
44,65,E_saligna,960,28,7.512113314,12.1,,
44,65,E_saligna,960,29,15.40619849,19.5,,
44,65,E_saligna,960,30,17.63436769,22,,
44,65,E_saligna,960,31,,,1,
44,65,E_saligna,960,32,16.39295914,21.4,,
44,65,E_saligna,960,33,14.10112796,19.7,,
44,65,E_saligna,960,34,11.33183195,19.4,,
44,65,E_saligna,960,35,16.93408594,23.1,,
44,65,E_saligna,960,36,13.40084621,18.1,,
44,65,E_saligna,960,37,12.06394469,15.7,,
44,65,E_saligna,960,38,8.212395064,12.7,,
44,65,E_saligna,960,39,7.193803428,13.8,,
44,65,E_saligna,960,40,11.33183195,17.4,,
44,65,E_saligna,960,41,17.37971979,21.4,,
44,65,E_saligna,960,42,12.50957853,19,,
44,65,E_saligna,960,43,10.6315502,17.5,,
44,65,E_saligna,960,44,13.56000115,16.9,,
44,65,E_saligna,960,45,5.825070917,10.5,,
44,65,E_saligna,960,46,14.96056465,18.8,,
44,65,E_saligna,960,47,8.467042972,,20,
44,65,E_saligna,960,48,15.40619849,20.2,,
44,65,E_saligna,960,49,13.91014203,18.9,,
44,65,E_saligna,960,50,11.80929678,15.5,,
44,65,E_saligna,960,51,,,1,
44,65,E_saligna,960,52,14.10112796,15.3,,
44,65,E_saligna,960,53,14.86507168,15.9,,
44,65,E_saligna,960,54,12.79605742,15.6,,
44,65,E_saligna,960,55,5.411268065,8.7,,
44,65,E_saligna,960,56,14.32394488,17.8,,
44,65,E_saligna,960,57,8.148733086,11.6,,
44,65,E_saligna,960,58,16.20197321,16.5,,
44,65,E_saligna,960,59,4.647324338,4.2,7,
44,65,E_saligna,960,60,18.7484523,19.2,6,
44,65,E_saligna,960,61,12.19126864,16.5,,
44,65,E_saligna,960,62,,,1,
44,65,E_saligna,960,63,13.68732511,18.3,,
44,65,E_saligna,960,64,18.62112834,22.2,6,
44,65,E_saligna,960,65,,,1,
44,65,E_saligna,960,66,20.1490158,22.3,6,
44,65,E_saligna,960,67,,,5,
44,65,E_saligna,960,68,15.85183233,18.8,,
44,65,E_saligna,960,69,11.10901503,,20,
44,65,E_saligna,960,70,15.97915629,19.5,,
44,65,E_saligna,960,71,12.41408556,18.1,,
44,65,E_saligna,960,72,7.321127382,,20,
44,65,E_saligna,960,73,12.92338138,18.1,,
44,65,E_saligna,960,74,13.20986028,19.2,,
44,65,E_saligna,960,75,9.644789551,15.2,,
44,65,E_saligna,960,76,14.32394488,18.3,,
44,65,E_saligna,960,77,16.01098728,19.8,,
44,65,E_saligna,960,78,12.73239545,,20,
44,65,E_saligna,960,79,10.79070514,18.8,,
44,65,E_saligna,960,80,16.45662112,19.8,,
44,65,E_saligna,960,81,18.62112834,21.9,6,
44,65,E_saligna,960,82,13.65549412,18.9,,
44,65,E_saligna,960,83,10.85436712,16.1,,
44,65,E_saligna,960,84,13.17802929,17.1,,
44,65,E_saligna,960,85,,,1,
44,65,E_saligna,960,86,15.11971959,19.8,,
44,65,E_saligna,960,87,8.594366927,15.7,,
44,65,E_saligna,960,88,17.3478888,22.2,,
44,65,E_saligna,960,89,11.65014183,17.3,,
44,65,E_saligna,960,90,13.36901522,16.3,,
44,65,E_saligna,960,91,4.647324338,8.3,7,
44,65,E_saligna,960,92,,,5,
44,65,E_saligna,960,93,17.15690287,20.8,,
44,65,E_saligna,960,94,,,1,
44,65,E_saligna,960,95,14.73774773,21.8,,
44,65,E_saligna,960,96,7.766761223,14.5,,
44,65,E_saligna,960,97,18.27098747,17.5,6,
44,65,E_saligna,960,98,18.87577625,22.9,6,
44,65,E_saligna,960,99,11.93662073,16.4,,
44,65,E_saligna,960,100,9.135493733,13.7,,
44,65,E_saligna,960,101,15.78817035,19.7,,
44,65,E_saligna,960,102,12.70056446,16.3,,
44,65,E_saligna,960,103,16.55211408,19.5,,
44,65,E_saligna,960,104,4.647324338,8,7,
44,65,E_saligna,960,105,7.130141451,11.7,,
44,65,E_saligna,960,106,9.103662745,13.8,,
44,65,E_saligna,960,107,13.01887434,20.4,,
44,65,E_saligna,960,108,15.78817035,23.1,,
44,65,E_saligna,960,109,11.10901503,16,,
44,65,E_saligna,960,110,13.30535324,20.5,,
44,65,E_saligna,960,111,17.92084659,22.4,6,
44,65,E_saligna,960,112,8.97633879,16.6,,
44,65,E_saligna,960,113,15.05605762,19.4,,
44,65,E_saligna,960,114,7.671268257,12.6,,
44,65,E_saligna,960,115,12.41408556,17.2,,
44,65,E_saligna,960,116,8.75352187,17.5,,
44,65,E_saligna,960,117,13.68732511,20,,
44,65,E_saligna,960,118,5.888732894,12,,
44,65,E_saligna,960,119,11.39549393,18.4,,
44,65,E_saligna,960,120,17.82535363,21.4,,
44,65,E_saligna,960,121,10.98169107,18.4,,
44,65,E_saligna,960,122,13.59183214,20.1,,
44,65,E_saligna,960,123,17.02957891,20.9,,
44,65,E_saligna,960,124,11.65014183,17.6,,
44,65,E_saligna,960,125,9.071831756,,20,
44,65,E_saligna,960,126,11.77746579,17.2,,
44,65,E_saligna,960,127,14.16478994,21.2,,
44,65,E_saligna,960,128,11.10901503,16.4,,
44,65,E_saligna,960,129,11.61831085,18.5,,
44,65,E_saligna,960,130,10.88619811,16.3,,
44,65,E_saligna,960,131,,,1,
44,65,E_saligna,960,132,13.71915609,,20,
44,65,E_saligna,960,133,9.294648677,14.9,,
44,65,E_saligna,960,134,10.3450713,16.6,,
44,65,E_saligna,960,135,11.77746579,17,,
44,65,E_saligna,960,136,8.75352187,16.3,,
44,65,E_saligna,960,137,13.71915609,17.8,,
44,65,E_saligna,960,138,8.880845825,15.3,,
44,65,E_saligna,960,139,6.238873769,9.9,,
44,65,E_saligna,960,140,14.5467618,16.2,,
44,65,E_saligna,960,141,8.021409132,11,,
44,65,E_saligna,960,142,3.660563691,6.2,7,
44,65,E_saligna,960,143,,,1,
44,65,E_saligna,960,144,19.89436789,22.6,6,
44,65,E_saligna,960,145,12.82788841,19.2,,
44,65,E_saligna,960,146,8.467042972,12.7,,
44,65,E_saligna,960,147,14.76957872,19,,
44,65,E_saligna,960,148,11.04535305,13.3,,
44,65,E_saligna,960,149,14.92873366,20.4,,
44,65,E_saligna,960,150,14.96056465,17,,
44,65,E_saligna,960,151,18.23915648,22.8,6,
44,65,E_saligna,960,152,4.297183463,6.3,7,
44,65,E_saligna,960,153,5.602253997,10.8,,
44,65,E_saligna,960,154,9.103662745,15.7,,
44,65,E_saligna,960,155,16.55211408,20.4,,
44,65,E_saligna,960,156,8.467042972,6.6,,
44,65,E_saligna,960,157,14.5467618,19.2,,
44,65,E_saligna,960,158,9.390141642,11.9,,
44,65,E_saligna,960,159,12.25493062,,20,
44,65,E_saligna,960,160,12.70056446,19.5,,
44,65,E_tereticornis,960,1,4.042535555,8,,
44,65,E_tereticornis,960,2,11.4591559,19.5,,
44,65,E_tereticornis,960,3,9.199155711,15,,
44,65,E_tereticornis,960,4,,,1,
44,65,E_tereticornis,960,5,11.4591559,13.8,,
44,65,E_tereticornis,960,6,9.644789551,14.2,,
44,65,E_tereticornis,960,7,6.843662553,11.4,,
44,65,E_tereticornis,960,8,9.071831756,14.1,,
44,65,E_tereticornis,960,9,13.65549412,19.1,,
44,65,E_tereticornis,960,10,9.485634608,14.4,,
44,65,E_tereticornis,960,11,7.60760628,10.7,,
44,65,E_tereticornis,960,12,13.87831104,16.8,,
44,65,E_tereticornis,960,13,,,1,
44,65,E_tereticornis,960,14,8.180564075,12.5,,
44,65,E_tereticornis,960,15,6.843662553,10.8,,
44,65,E_tereticornis,960,16,7.066479473,11.2,,
44,65,E_tereticornis,960,17,7.798592212,10.3,,
44,65,E_tereticornis,960,18,7.352958371,12.1,,
44,65,E_tereticornis,960,19,13.20986028,19.4,,
44,65,E_tereticornis,960,20,11.77746579,15.3,,
44,65,E_tereticornis,960,21,10.66338119,14.3,,
44,65,E_tereticornis,960,22,4.169859509,6.5,,
44,65,E_tereticornis,960,23,,,5,
44,65,E_tereticornis,960,24,13.84648005,17.5,,
44,65,E_tereticornis,960,25,4.13802852,7.4,,
44,65,E_tereticornis,960,26,8.849014836,13,,
44,65,E_tereticornis,960,27,7.639437268,10.7,,
44,65,E_tereticornis,960,28,12.15943765,14.2,21,
44,65,E_tereticornis,960,29,6.970986507,11.3,,
44,65,E_tereticornis,960,30,14.5467618,17.7,,
44,65,E_tereticornis,960,31,10.44056427,17.1,,
44,65,E_tereticornis,960,32,14.76957872,20.4,6,21
44,65,E_tereticornis,960,33,12.09577567,18.2,,
44,65,E_tereticornis,960,34,,,5,
44,65,E_tereticornis,960,35,14.73774773,19.3,6,
44,65,E_tereticornis,960,36,12.06394469,17.2,,
44,65,E_tereticornis,960,37,4.806479281,9.2,,
44,65,E_tereticornis,960,38,11.80929678,,20,
44,65,E_tereticornis,960,39,7.066479473,11.1,,
44,65,E_tereticornis,960,40,7.60760628,11.7,,
44,65,E_tereticornis,960,41,14.76957872,19.6,6,
44,65,E_tereticornis,960,42,2.896619964,5,7,
44,65,E_tereticornis,960,43,11.61831085,16.5,21,
44,65,E_tereticornis,960,44,16.87042397,19.7,6,21
44,65,E_tereticornis,960,45,5.220282133,9,,
44,65,E_tereticornis,960,46,12.41408556,17.5,,
44,65,E_tereticornis,960,47,8.721690881,11.4,,
44,65,E_tereticornis,960,48,13.36901522,,20,
44,65,E_tereticornis,960,49,12.28676161,16.7,,
44,65,E_tereticornis,960,50,9.071831756,13.7,,
44,65,E_tereticornis,960,51,15.15155058,,20,
44,65,E_tereticornis,960,52,6.334366735,8.5,,
44,65,E_tereticornis,960,53,10.18591636,14.5,,
44,65,E_tereticornis,960,54,12.15943765,16.9,,
44,65,E_tereticornis,960,55,16.42479013,20.4,6,
44,65,E_tereticornis,960,56,2.387324146,2.8,7,
44,65,E_tereticornis,960,57,7.575775291,9.5,,
44,65,E_tereticornis,960,58,16.87042397,,20,
44,65,E_tereticornis,960,59,4.329014452,7.3,,
44,65,E_tereticornis,960,60,12.12760666,16.2,,
44,65,E_tereticornis,960,61,12.22309963,16.2,,
44,65,E_tereticornis,960,62,12.28676161,16.3,,
44,65,E_tereticornis,960,63,12.25493062,16.5,,
44,65,E_tereticornis,960,64,10.6315502,13.2,,
44,65,E_tereticornis,960,65,6.748169587,10.9,,
44,65,E_tereticornis,960,66,7.480282325,10.1,,
44,65,E_tereticornis,960,67,10.44056427,14.1,2,
44,65,E_tereticornis,960,68,12.22309963,,20,
44,65,E_tereticornis,960,69,13.71915609,16.9,,
44,65,E_tereticornis,960,70,12.89155039,16.5,,
44,65,E_tereticornis,960,71,12.95521237,,20,
44,65,E_tereticornis,960,72,13.49633917,19.6,,
44,65,E_tereticornis,960,73,18.78028328,21.6,6,21
44,65,E_tereticornis,960,74,9.835775483,13.6,,
44,65,E_tereticornis,960,75,11.30000096,15.3,,
44,65,E_tereticornis,960,76,14.89690267,20,6,
44,65,E_tereticornis,960,77,13.49633917,21.2,,
44,65,E_tereticornis,960,78,13.11436731,16.6,,
44,65,E_tereticornis,960,79,6.493521678,10.5,,
44,65,E_tereticornis,960,80,4.265352475,8,,
44,65,E_tereticornis,960,81,8.944507802,14.1,,
44,65,E_tereticornis,960,82,11.14084602,15.3,,
44,65,E_tereticornis,960,83,14.22845191,18.2,,
44,65,E_tereticornis,960,84,8.244226052,12.7,,
44,65,E_tereticornis,960,85,10.94986008,15.2,,
44,65,E_tereticornis,960,86,6.970986507,11.8,,
44,65,E_tereticornis,960,87,11.4591559,15.1,,
44,65,E_tereticornis,960,88,8.75352187,12.3,,
44,65,E_tereticornis,960,89,14.19662092,20.1,,
44,65,E_tereticornis,960,90,,,5,
44,65,E_tereticornis,960,91,11.26816997,15.3,,
44,65,E_tereticornis,960,92,7.225634416,10.1,2,
44,65,E_tereticornis,960,93,11.26816997,17.9,2,
44,65,E_tereticornis,960,94,6.334366735,10.7,,
44,65,E_tereticornis,960,95,11.04535305,15.1,2,
44,65,E_tereticornis,960,96,5.092958179,8.3,,
44,65,E_tereticornis,960,97,5.76140894,8,21,
44,65,E_tereticornis,960,98,11.90478974,13,21,
44,65,E_tereticornis,960,99,12.25493062,14.7,21,
44,65,E_tereticornis,960,100,12.89155039,18.3,,
44,65,E_tereticornis,960,101,10.69521218,13.5,2,
44,65,E_tereticornis,960,102,9.67662054,13.8,21,
44,65,E_tereticornis,960,103,11.07718404,15.2,,
44,65,E_tereticornis,960,104,10.37690229,15.9,,
44,65,E_tereticornis,960,105,9.358310654,13.4,,
44,65,E_tereticornis,960,106,11.14084602,14.1,,
44,65,E_tereticornis,960,107,12.06394469,15.6,21,
44,65,E_tereticornis,960,108,10.02676141,13.2,21,
44,65,E_tereticornis,960,109,12.50957853,17.8,,
44,65,E_tereticornis,960,110,11.17267701,13.4,,
44,65,E_tereticornis,960,111,7.703099246,14,,
44,65,E_tereticornis,960,112,11.65014183,14.8,,
44,65,E_tereticornis,960,113,9.963099438,13,,
44,65,E_tereticornis,960,114,9.167324722,12.6,,
44,65,E_tereticornis,960,115,9.45380362,14.3,,
44,65,E_tereticornis,960,116,8.880845825,12.2,,
44,65,E_tereticornis,960,117,3.978873577,6.7,,
44,65,E_tereticornis,960,118,7.957747155,15.8,,
44,65,E_tereticornis,960,119,14.57859279,15.5,21,
44,65,E_tereticornis,960,120,10.21774735,13.8,,
44,65,E_tereticornis,960,121,4.010704566,7.5,,
44,65,E_tereticornis,960,122,13.68732511,,20,
44,65,E_tereticornis,960,123,12.41408556,,4,
44,65,E_tereticornis,960,124,12.25493062,14.5,,
44,65,E_tereticornis,960,125,11.93662073,17,21,
44,65,E_tereticornis,960,126,15.43802948,18.8,6,
44,65,E_tereticornis,960,127,6.334366735,9.6,,
44,65,E_tereticornis,960,128,3.023943919,4.6,7,
44,65,E_tereticornis,960,129,11.26816997,15.2,,
44,65,E_tereticornis,960,130,6.970986507,9.5,,
44,65,E_tereticornis,960,131,10.82253613,15.5,,
44,65,E_tereticornis,960,132,13.49633917,17.4,,
44,65,E_tereticornis,960,133,7.321127382,9.5,,
44,65,E_tereticornis,960,134,12.54140952,14.7,,
44,65,E_tereticornis,960,135,6.939155519,10.4,,
44,65,E_tereticornis,960,136,7.894085177,10.6,,
44,65,E_tereticornis,960,137,,,5,
44,65,E_tereticornis,960,138,14.00563499,16.5,,
44,65,E_tereticornis,960,139,9.071831756,12.4,,
44,65,E_tereticornis,960,140,15.05605762,18.4,6,21
44,65,E_tereticornis,960,141,8.276057041,12.8,,
44,65,E_tereticornis,960,142,14.99239564,18,6,
44,65,E_tereticornis,960,143,10.72704316,14,,
44,65,E_tereticornis,960,144,13.71915609,17.1,,
44,65,E_tereticornis,960,145,10.47239526,16,,
44,65,E_tereticornis,960,146,7.225634416,10.3,,
44,65,E_tereticornis,960,147,7.289296394,11.4,,
44,65,E_tereticornis,960,148,9.89943746,13.9,,
44,65,E_tereticornis,960,149,11.65014183,16.1,,
44,65,E_tereticornis,960,150,3.819718634,3.4,,
44,65,E_tereticornis,960,151,8.75352187,12.8,,
44,65,E_tereticornis,960,152,11.07718404,14.2,,
44,65,E_tereticornis,960,153,9.803944494,12,,
44,65,E_tereticornis,960,154,7.894085177,13.2,,
44,65,E_tereticornis,960,155,7.575775291,12.2,,
44,65,E_tereticornis,960,156,10.72704316,13.3,,
44,65,E_tereticornis,960,157,4.83831027,8.5,,
44,65,E_tereticornis,960,158,10.09042339,15,,
44,65,E_tereticornis,960,159,5.825070917,8.3,,
44,65,E_tereticornis,960,160,8.912676813,10.1,,
